search_date,search_timestamp,departure_date,days_before_departure,origin,destination,route,departure_time,arrival_time,duration_minutes,airline_code,airline_name,airline_type,flight_number,aircraft,origin_terminal,destination_terminal,departure_hour,is_weekend,day_of_week,month,min_price,max_price,avg_price,price_range,min_published_price,cabin_class,is_refundable,fare_type,checkin_baggage,cabin_baggage,seats_available
2026-02-15,2026-02-15 04:33:39,2026-02-15,0,DEL,BOM,DEL-BOM,2026-02-15T15:40:00,2026-02-15T17:50:00,130,SG,Spicejet,Budget,664,73H,1D,1,15,True,6,2,5689,7056,6163.0,1367,5689,Economy,True,Coupon,15 KG,7 KG,15
2026-02-15,2026-02-15 04:33:39,2026-02-15,0,DEL,BOM,DEL-BOM,2026-02-15T14:35:00,2026-02-15T17:00:00,145,IX,Air India Express,Premium,1242,7M8,,2,14,True,6,2,5859,13968,8253.75,8109,5859,Economy,True,Value,15KG,7 Kg,9
2026-02-15,2026-02-15 04:33:39,2026-02-15,0,DEL,BOM,DEL-BOM,2026-02-15T16:00:00,2026-02-15T18:20:00,140,6E,Indigo,Budget,6318,321,1,2,16,True,6,2,6794,27480,13688.166666666666,20686,6794,Economy,True,SME.CrpCon,15 Kilograms,7 KG,5
2026-02-15,2026-02-15 04:33:39,2026-02-15,0,DEL,BOM,DEL-BOM,2026-02-15T17:00:00,2026-02-15T19:25:00,145,6E,Indigo,Budget,864,321,1,2,17,True,6,2,6794,32748,15093.0,25954,6794,Economy,True,Saver (Regular),15 Kilograms,7 KG,2
2026-02-15,2026-02-15 04:33:39,2026-02-15,0,DEL,BOM,DEL-BOM,2026-02-15T21:10:00,2026-02-15T23:35:00,145,SG,Spicejet,Budget,105,73H,1D,1,21,True,6,2,6970,8443,7514.666666666667,1473,6970,Economy,True,Coupon,15 KG,7 KG,3
2026-02-15,2026-02-15 04:33:39,2026-02-15,0,DEL,BOM,DEL-BOM,2026-02-15T17:30:00,2026-02-15T19:50:00,140,QP,Akasa Air,Budget,1820,7MA,1,1,17,True,6,2,6989,7455,7188.75,466,6989,Economy,True,Corporate,15KG,7 KG,9
2026-02-15,2026-02-15 04:33:39,2026-02-15,0,DEL,BOM,DEL-BOM,2026-02-15T15:00:00,2026-02-15T17:20:00,140,6E,Indigo,Budget,6022,321,1,2,15,True,6,2,7214,32748,15373.0,25534,7214,Economy,True,SME.CrpCon,15 Kilograms,7 KG,3
2026-02-15,2026-02-15 04:33:39,2026-02-15,0,DEL,BOM,DEL-BOM,2026-02-15T12:45:00,2026-02-15T15:05:00,140,6E,Indigo,Budget,6051,321,1,2,12,True,6,2,7214,27480,14962.0,20266,7214,Economy,True,Saver (Regular),15 Kilograms,7 KG,7
2026-02-15,2026-02-15 04:33:39,2026-02-15,0,DEL,BOM,DEL-BOM,2026-02-15T13:50:00,2026-02-15T16:10:00,140,6E,Indigo,Budget,6676,321,1,2,13,True,6,2,7214,27480,14962.0,20266,7214,Economy,True,SME.CrpCon,15 Kilograms,7 KG,7
2026-02-15,2026-02-15 04:33:39,2026-02-15,0,DEL,BOM,DEL-BOM,2026-02-15T21:00:00,2026-02-15T23:25:00,145,6E,Indigo,Budget,395,321,1,2,21,True,6,2,7214,27480,13968.166666666666,20266,7214,Economy,True,SME.CrpCon,15 Kilograms,7 KG,8
2026-02-15,2026-02-15 04:33:39,2026-02-15,0,DEL,BOM,DEL-BOM,2026-02-15T22:15:00,2026-02-16T00:50:00,155,6E,Indigo,Budget,6114,321,1,2,22,True,6,2,7214,23265,12563.333333333334,16051,7214,Economy,True,SME.CrpCon,15 Kilograms,7 KG,2
2026-02-15,2026-02-15 04:33:39,2026-02-15,0,DEL,BOM,DEL-BOM,2026-02-15T17:15:00,2026-02-15T19:15:00,120,6E,Indigo,Budget,6210,320,1,,17,True,6,2,7253,8828,7725.5,1575,7253,Economy,True,SME.CrpCon,15 Kilograms,7 KG,3
2026-02-15,2026-02-15 04:33:39,2026-02-15,0,DEL,BOM,DEL-BOM,2026-02-15T22:30:00,2026-02-16T00:50:00,140,SG,Spicejet,Budget,879,73H,1D,1,22,True,6,2,7416,8730,7854.666666666667,1314,7416,Economy,True,Coupon,15 KG,7 KG,5
2026-02-15,2026-02-15 04:33:39,2026-02-15,0,DEL,BOM,DEL-BOM,2026-02-15T13:20:00,2026-02-15T15:45:00,145,AI,Air India,Premium,2951,32N,3,2,13,True,6,2,7557,7581,7569.0,24,7557,Economy,True,Publish,15 KG,7 KG,1
2026-02-15,2026-02-15 04:33:39,2026-02-15,0,DEL,BOM,DEL-BOM,2026-02-15T17:05:00,2026-02-15T19:35:00,150,AI,Air India,Premium,441,77W,3,2,17,True,6,2,7557,7581,7569.0,24,7557,Economy,True,Publish,15 KG,7 KG,1
2026-02-15,2026-02-15 04:33:39,2026-02-15,0,DEL,BOM,DEL-BOM,2026-02-15T19:00:00,2026-02-15T21:25:00,145,6E,Indigo,Budget,354,321,1,2,19,True,6,2,7634,23265,12843.333333333334,15631,7634,Economy,True,Saver (Regular),15 Kilograms,7 KG,4
2026-02-15,2026-02-15 04:33:39,2026-02-15,0,DEL,BOM,DEL-BOM,2026-02-15T18:00:00,2026-02-15T20:25:00,145,6E,Indigo,Budget,810,321,1,2,18,True,6,2,7634,7949,7739.0,315,7634,Economy,True,SME.CrpCon,15 Kilograms,7 KG,5
2026-02-15,2026-02-15 04:33:39,2026-02-15,0,DEL,BOM,DEL-BOM,2026-02-15T17:30:00,2026-02-15T20:00:00,150,AI,Air India,Premium,1736,32N,2,2,17,True,6,2,7942,7956,7949.0,14,7942,Economy,True,Publish,15 KG,7 KG,2
2026-02-15,2026-02-15 04:33:39,2026-02-15,0,DEL,BOM,DEL-BOM,2026-02-15T19:40:00,2026-02-15T22:10:00,150,AI,Air India,Premium,2985,32N,3,2,19,True,6,2,7942,7956,7949.0,14,7942,Economy,True,Publish,15 KG,7 KG,7
2026-02-15,2026-02-15 04:33:39,2026-02-15,0,DEL,BOM,DEL-BOM,2026-02-15T18:00:00,2026-02-15T20:20:00,140,AI,Air India,Premium,2955,32N,3,2,18,True,6,2,8012,8026,8019.0,14,8012,Economy,True,Publish,15 KG,7 KG,9
2026-02-15,2026-02-15 04:33:39,2026-02-15,0,DEL,BOM,DEL-BOM,2026-02-15T20:00:00,2026-02-15T22:25:00,145,AI,Air India,Premium,2805,321,3,2,20,True,6,2,8084,8097,8090.5,13,8084,Economy,True,Publish,15 KG,7 KG,9
2026-02-15,2026-02-15 04:33:39,2026-02-15,0,DEL,BOM,DEL-BOM,2026-02-15T16:30:00,2026-02-15T19:00:00,150,AI,Air India,Premium,2941,32N,3,2,16,True,6,2,8084,8097,8090.5,13,8084,Economy,True,Publish,15 KG,7 KG,1
2026-02-15,2026-02-15 04:33:39,2026-02-15,0,DEL,BOM,DEL-BOM,2026-02-15T19:00:00,2026-02-15T21:30:00,150,AI,Air India,Premium,2977,32N,3,2,19,True,6,2,8084,8097,8090.5,13,8084,Economy,True,Publish,15 KG,7 KG,9
2026-02-15,2026-02-15 04:33:39,2026-02-15,0,DEL,BOM,DEL-BOM,2026-02-15T16:00:00,2026-02-15T18:35:00,155,AI,Air India,Premium,1777,32N,2,2,16,True,6,2,8084,8097,8090.5,13,8084,Economy,True,Publish,15 KG,7 KG,1
2026-02-15,2026-02-15 04:33:39,2026-02-15,0,DEL,BOM,DEL-BOM,2026-02-15T14:00:00,2026-02-15T16:35:00,155,AI,Air India,Premium,2441,32N,3,2,14,True,6,2,8084,8097,8090.5,13,8084,Economy,True,Publish,15 KG,7 KG,1
2026-02-15,2026-02-15 04:33:39,2026-02-15,0,DEL,BOM,DEL-BOM,2026-02-15T20:30:00,2026-02-15T23:05:00,155,AI,Air India,Premium,2957,32N,3,2,20,True,6,2,8084,8097,8090.5,13,8084,Economy,True,Publish,15 KG,7 KG,9
2026-02-15,2026-02-15 04:33:39,2026-02-15,0,DEL,BOM,DEL-BOM,2026-02-15T20:00:00,2026-02-15T22:20:00,140,6E,Indigo,Budget,6773,321,1,2,20,True,6,2,8159,23265,13193.333333333334,15106,8159,Economy,True,SME.CrpCon,15 Kilograms,7 KG,1
2026-02-15,2026-02-15 04:33:39,2026-02-15,0,DEL,BOM,DEL-BOM,2026-02-15T23:30:00,2026-02-16T01:55:00,145,6E,Indigo,Budget,519,321,1,2,23,True,6,2,8684,23265,13543.333333333334,14581,8684,Economy,True,SME.CrpCon,15 Kilograms,7 KG,3
2026-02-15,2026-02-15 04:33:39,2026-02-15,0,DEL,BOM,DEL-BOM,2026-02-15T16:00:00,2026-02-15T18:20:00,140,QP,Akasa Air,Budget,1128,7YL,1,1,16,True,6,2,8685,9223,8938.75,538,8685,Economy,True,Corporate,15KG,7 KG,9
2026-02-15,2026-02-15 04:33:39,2026-02-15,0,DEL,BOM,DEL-BOM,2026-02-15T21:00:00,2026-02-15T23:20:00,140,AI,Air India,Premium,2981,32N,3,2,21,True,6,2,10599,10637,10618.0,38,10599,Economy,True,SME,15 KG,7 KG,1
2026-02-15,2026-02-15 04:33:39,2026-02-15,0,DEL,BOM,DEL-BOM,2026-02-15T22:00:00,2026-02-16T00:25:00,145,AI,Air India,Premium,2999,32N,3,2,22,True,6,2,11197,11365,11281.0,168,11197,Economy,True,SME,15 KG,7 KG,1
2026-02-15,2026-02-15 04:33:39,2026-02-15,0,DEL,BOM,DEL-BOM,2026-02-15T21:30:00,2026-02-15T23:55:00,145,AI,Air India,Premium,2433,32N,3,2,21,True,6,2,11723,11900,11811.5,177,11723,Economy,True,SME,15 KG,7 KG,1
2026-02-15,2026-02-15 04:33:39,2026-02-15,0,DEL,BOM,DEL-BOM,2026-02-15T22:30:00,2026-02-16T00:55:00,145,AI,Air India,Premium,2437,32N,3,2,22,True,6,2,12558,12769,12663.5,211,12558,Economy,True,SME,15 KG,7 KG,1
2026-02-15,2026-02-15 04:33:39,2026-02-15,0,DEL,BOM,DEL-BOM,2026-02-15T23:00:00,2026-02-16T01:25:00,145,AI,Air India,Premium,2439,32N,3,2,23,True,6,2,15913,16227,16070.0,314,15913,Economy,True,SME,15 KG,7 KG,5
2026-02-15,2026-02-15 04:33:39,2026-02-15,0,DEL,BOM,DEL-BOM,2026-02-15T14:25:00,2026-02-15T18:05:00,220,AI,Air India,Premium,2592,32N,3,2,14,True,6,2,15913,16227,16070.0,314,15913,Economy,True,SME,15 KG,7 KG,5
2026-02-15,2026-02-15 04:33:39,2026-02-15,0,BLR,DEL,BLR-DEL,2026-02-15T19:05:00,2026-02-15T21:55:00,170,IX,Air India Express,Premium,1040,320,2,1,19,True,6,2,12145,13195,12512.5,1050,12145,Economy,True,Value,15KG,7 Kg,6
2026-02-15,2026-02-15 04:33:39,2026-02-15,0,BLR,DEL,BLR-DEL,2026-02-15T16:00:00,2026-02-15T18:50:00,170,SG,Spicejet,Budget,447,73H,1,1D,16,True,6,2,15294,17170,16107.333333333334,1876,15294,Economy,True,Coupon,15 KG,7 KG,2
2026-02-15,2026-02-15 04:33:39,2026-02-15,0,BLR,DEL,BLR-DEL,2026-02-15T22:05:00,2026-02-16T01:00:00,175,6E,Indigo,Budget,6788,321,1,1,22,True,6,2,16000,21636,19180.833333333332,5636,16000,Business,True,Stretch,30 Kilograms,12 KG,1
2026-02-15,2026-02-15 04:33:39,2026-02-15,0,BLR,DEL,BLR-DEL,2026-02-15T23:30:00,2026-02-16T02:25:00,175,6E,Indigo,Budget,6813,321,1,1,23,True,6,2,16000,17581,16790.5,1581,16000,Business,True,Stretch,30 Kilograms,12 KG,5
2026-02-15,2026-02-15 04:33:39,2026-02-15,0,BLR,DEL,BLR-DEL,2026-02-15T19:15:00,2026-02-15T22:05:00,170,6E,Indigo,Budget,735,321,1,1,19,True,6,2,16345,23580,18913.166666666668,7235,16345,Economy,True,Saver (Regular),15 Kilograms,7 KG,2
2026-02-15,2026-02-15 04:33:39,2026-02-15,0,BLR,DEL,BLR-DEL,2026-02-15T18:25:00,2026-02-15T21:10:00,165,SG,Spicejet,Budget,761,73J,1,1D,18,True,6,2,17085,18401,17524.333333333332,1316,17085,Economy,True,Coupon,15 KG,7 KG,1
2026-02-15,2026-02-15 04:33:39,2026-02-15,0,BLR,DEL,BLR-DEL,2026-02-15T17:55:00,2026-02-15T21:10:00,195,SG,Spicejet,Budget,136,73H,1,1D,17,True,6,2,17085,18401,17524.333333333332,1316,17085,Economy,True,Coupon,15 KG,7 KG,1
2026-02-15,2026-02-15 04:33:39,2026-02-15,0,BLR,DEL,BLR-DEL,2026-02-15T18:00:00,2026-02-15T20:55:00,175,6E,Indigo,Budget,6034,321,1,1,18,True,6,2,18535,23580,20373.166666666668,5045,18535,Economy,True,Saver (Regular),15 Kilograms,7 KG,3
2026-02-15,2026-02-15 04:33:39,2026-02-15,0,BLR,DEL,BLR-DEL,2026-02-15T20:00:00,2026-02-15T22:55:00,175,AI,Air India,Premium,2818,319,2,3,20,True,6,2,19443,19851,19647.0,408,19443,Economy,True,SME,15 KG,7 KG,4
2026-02-15,2026-02-15 04:33:39,2026-02-15,0,BLR,DEL,BLR-DEL,2026-02-15T13:15:00,2026-02-15T16:10:00,175,AI,Air India,Premium,2486,32N,2,3,13,True,6,2,19443,19851,19647.0,408,19443,Economy,True,SME,15 KG,7 KG,1
2026-02-15,2026-02-15 04:33:39,2026-02-15,0,BLR,DEL,BLR-DEL,2026-02-15T15:00:00,2026-02-15T18:00:00,180,AI,Air India,Premium,2511,32N,2,3,15,True,6,2,19443,19851,19647.0,408,19443,Economy,True,SME,15 KG,7 KG,3
2026-02-15,2026-02-15 04:33:39,2026-02-15,0,BLR,DEL,BLR-DEL,2026-02-15T20:30:00,2026-02-15T23:20:00,170,6E,Indigo,Budget,2062,321,1,2,20,True,6,2,21999,23580,22789.5,1581,21999,Business,True,Stretch,30 Kilograms,12 KG,4
2026-02-15,2026-02-15 04:33:39,2026-02-15,0,BLR,DEL,BLR-DEL,2026-02-15T13:00:00,2026-02-15T15:55:00,175,6E,Indigo,Budget,6401,321,1,1,13,True,6,2,24999,26581,25790.0,1582,24999,Business,True,Stretch,30 Kilograms,12 KG,2
2026-02-15,2026-02-15 04:33:39,2026-02-15,0,BLR,DEL,BLR-DEL,2026-02-15T16:50:00,2026-02-15T19:45:00,175,6E,Indigo,Budget,6725,321,1,1,16,True,6,2,24999,26581,25790.0,1582,24999,Business,True,Stretch,30 Kilograms,12 KG,1
2026-02-15,2026-02-15 04:33:39,2026-02-15,0,BLR,DEL,BLR-DEL,2026-02-15T15:30:00,2026-02-15T18:30:00,180,6E,Indigo,Budget,843,321,1,1,15,True,6,2,24999,26581,25790.0,1582,24999,Business,True,Stretch,30 Kilograms,12 KG,2
2026-02-15,2026-02-15 04:33:39,2026-02-15,0,BLR,DEL,BLR-DEL,2026-02-15T14:10:00,2026-02-15T17:10:00,180,6E,Indigo,Budget,6039,321,1,1,14,True,6,2,24999,26581,25790.0,1582,24999,Business,True,Stretch,30 Kilograms,12 KG,1
2026-02-15,2026-02-15 04:33:39,2026-02-15,0,BLR,DEL,BLR-DEL,2026-02-15T18:05:00,2026-02-15T20:50:00,165,AI,Air India,Premium,2820,32N,2,3,18,True,6,2,27473,28563,28018.0,1090,27473,PremiumEconomy,True,SME,15 KG,7 KG,2
2026-02-15,2026-02-15 04:33:39,2026-02-15,0,BLR,DEL,BLR-DEL,2026-02-15T19:30:00,2026-02-15T22:30:00,180,AI,Air India,Premium,2665,32N,2,3,19,True,6,2,27473,28563,28018.0,1090,27473,PremiumEconomy,True,SME,15 KG,7 KG,1
2026-02-15,2026-02-15 04:33:39,2026-02-15,0,BLR,DEL,BLR-DEL,2026-02-15T22:00:00,2026-02-16T01:00:00,180,AI,Air India,Premium,2814,32N,2,3,22,True,6,2,27473,28563,28018.0,1090,27473,PremiumEconomy,True,SME,15 KG,7 KG,2
2026-02-15,2026-02-15 04:33:39,2026-02-15,0,BLR,DEL,BLR-DEL,2026-02-15T16:35:00,2026-02-15T19:40:00,185,AI,Air India,Premium,2418,32N,2,3,16,True,6,2,27473,28563,28018.0,1090,27473,PremiumEconomy,True,SME,15 KG,7 KG,2
2026-02-15,2026-02-15 04:33:39,2026-02-15,0,BLR,DEL,BLR-DEL,2026-02-15T22:25:00,2026-02-16T01:25:00,180,AI,Air India,Premium,2488,32N,2,3,22,True,6,2,51978,53473,52725.5,1495,51978,Business,True,SME,30 KG,10 KG,1
2026-02-15,2026-02-15 04:33:39,2026-02-15,0,BLR,BOM,BLR-BOM,2026-02-15T20:45:00,2026-02-15T22:35:00,110,6E,Indigo,Budget,5094,321,1,1,20,True,6,2,5845,14263,8720.166666666666,8418,5845,Economy,True,Saver (Regular),15 Kilograms,7 KG,19
2026-02-15,2026-02-15 04:33:39,2026-02-15,0,BLR,BOM,BLR-BOM,2026-02-15T22:15:00,2026-02-16T00:05:00,110,6E,Indigo,Budget,5295,321,1,1,22,True,6,2,5845,14263,8720.166666666666,8418,5845,Economy,True,SME.CrpCon,15 Kilograms,7 KG,11
2026-02-15,2026-02-15 04:33:39,2026-02-15,0,BLR,BOM,BLR-BOM,2026-02-15T19:30:00,2026-02-15T21:20:00,110,6E,Indigo,Budget,5376,321,1,1,19,True,6,2,6487,14263,9148.166666666666,7776,6487,Economy,True,Saver (Regular),15 Kilograms,7 KG,41
2026-02-15,2026-02-15 04:33:39,2026-02-15,0,BLR,BOM,BLR-BOM,2026-02-15T18:00:00,2026-02-15T20:05:00,125,6E,Indigo,Budget,732,321,1,2,18,True,6,2,6487,14263,9148.166666666666,7776,6487,Economy,True,SME.CrpCon,15 Kilograms,7 KG,18
2026-02-15,2026-02-15 04:33:39,2026-02-15,0,BLR,BOM,BLR-BOM,2026-02-15T21:15:00,2026-02-15T23:20:00,125,SG,Spicejet,Budget,268,,,,21,True,6,2,6571,6582,6576.5,11,6571,Economy,False,Inst_Series6,15Kg,7Kg,6
2026-02-15,2026-02-15 04:33:39,2026-02-15,0,BLR,BOM,BLR-BOM,2026-02-15T14:00:00,2026-02-15T15:55:00,115,6E,Indigo,Budget,5218,321,1,1,14,True,6,2,6839,24799,13559.4,17960,6839,Economy,True,SME.CrpCon,15 Kilograms,7 KG,20
2026-02-15,2026-02-15 04:33:39,2026-02-15,0,BLR,BOM,BLR-BOM,2026-02-15T12:30:00,2026-02-15T14:30:00,120,6E,Indigo,Budget,5293,321,1,1,12,True,6,2,6839,24799,12719.333333333334,17960,6839,Economy,True,SME.CrpCon,15 Kilograms,7 KG,26
2026-02-15,2026-02-15 04:33:39,2026-02-15,0,BLR,BOM,BLR-BOM,2026-02-15T15:15:00,2026-02-15T17:15:00,120,6E,Indigo,Budget,5351,321,1,1,15,True,6,2,6839,8519,7337.75,1680,6839,Economy,True,Saver (Regular),15 Kilograms,7 KG,20
2026-02-15,2026-02-15 04:33:39,2026-02-15,0,BLR,BOM,BLR-BOM,2026-02-15T17:55:00,2026-02-15T20:05:00,130,AI,Air India,Premium,2854,32N,2,2,17,True,6,2,7124,7173,7148.5,49,7124,Economy,True,Publish,15 KG,7 KG,1
2026-02-15,2026-02-15 04:33:39,2026-02-15,0,BLR,BOM,BLR-BOM,2026-02-15T16:45:00,2026-02-15T18:45:00,120,6E,Indigo,Budget,5073,321,1,1,16,True,6,2,7615,24799,13236.666666666666,17184,7615,Economy,True,SME.CrpCon,15 Kilograms,7 KG,15
2026-02-15,2026-02-15 04:33:39,2026-02-15,0,BLR,BOM,BLR-BOM,2026-02-15T20:00:00,2026-02-15T21:55:00,115,QP,Akasa Air,Budget,1366,7WH,1,1,20,True,6,2,7649,8180,7885.25,531,7649,Economy,True,Corporate,15KG,7 KG,9
2026-02-15,2026-02-15 04:33:39,2026-02-15,0,BLR,BOM,BLR-BOM,2026-02-15T19:00:00,2026-02-15T21:05:00,125,AI,Air India,Premium,2610,32N,2,2,19,True,6,2,7682,7720,7701.0,38,7682,Economy,True,Publish,15 KG,7 KG,1
2026-02-15,2026-02-15 04:33:39,2026-02-15,0,BLR,BOM,BLR-BOM,2026-02-15T20:30:00,2026-02-15T22:35:00,125,AI,Air India,Premium,2850,32N,2,2,20,True,6,2,8397,8420,8408.5,23,8397,Economy,True,Publish,15 KG,7 KG,1
2026-02-15,2026-02-15 04:33:39,2026-02-15,0,BLR,BOM,BLR-BOM,2026-02-15T22:30:00,2026-02-16T00:35:00,125,AI,Air India,Premium,2840,32N,2,2,22,True,6,2,8992,8997,8994.5,5,8992,Economy,True,Publish,15 KG,7 KG,4
2026-02-15,2026-02-15 04:33:39,2026-02-15,0,BLR,BOM,BLR-BOM,2026-02-15T21:30:00,2026-02-15T23:35:00,125,AI,Air India,Premium,2642,32N,2,2,21,True,6,2,9918,10023,9970.5,105,9918,Economy,True,SME,15 KG,7 KG,1
2026-02-15,2026-02-15 04:33:39,2026-02-15,0,BLR,BOM,BLR-BOM,2026-02-15T23:40:00,2026-02-16T01:45:00,125,AI,Air India,Premium,2811,32N,2,2,23,True,6,2,9918,10023,9970.5,105,9918,Economy,True,SME,15 KG,7 KG,9
2026-02-15,2026-02-15 04:33:39,2026-02-15,0,HYD,DEL,HYD-DEL,2026-02-15T17:40:00,2026-02-15T20:00:00,140,QP,Akasa Air,Budget,1407,7BH,,1,17,True,6,2,9984,10596,10268.0,612,9984,Economy,True,Corporate,15KG,7 KG,3
2026-02-15,2026-02-15 04:33:39,2026-02-15,0,HYD,DEL,HYD-DEL,2026-02-15T21:30:00,2026-02-15T23:50:00,140,6E,Indigo,Budget,2256,321,,2,21,True,6,2,10750,15581,12446.666666666666,4831,10750,Economy,True,SME.CrpCon,15 Kilograms,7 KG,2
2026-02-15,2026-02-15 04:33:39,2026-02-15,0,HYD,DEL,HYD-DEL,2026-02-15T22:30:00,2026-02-16T01:00:00,150,AI,Air India,Premium,1880,32N,,2,22,True,6,2,11708,11871,11789.5,163,11708,Economy,True,SME,15 KG,7 KG,1
2026-02-15,2026-02-15 04:33:39,2026-02-15,0,HYD,DEL,HYD-DEL,2026-02-15T21:25:00,2026-02-15T23:45:00,140,AI,Air India,Premium,2870,32N,,3,21,True,6,2,12019,12186,12102.5,167,12019,Economy,True,SME,15 KG,7 KG,1
2026-02-15,2026-02-15 04:33:39,2026-02-15,0,HYD,DEL,HYD-DEL,2026-02-15T20:00:00,2026-02-15T22:20:00,140,6E,Indigo,Budget,2233,321,,2,20,True,6,2,12955,15581,13916.666666666666,2626,12955,Economy,True,SME.CrpCon,15 Kilograms,7 KG,6
2026-02-15,2026-02-15 04:33:39,2026-02-15,0,HYD,DEL,HYD-DEL,2026-02-15T23:50:00,2026-02-16T02:10:00,140,AI,Air India,Premium,2776,32N,,3,23,True,6,2,13128,13334,13231.0,206,13128,Economy,True,SME,15 KG,7 KG,1
2026-02-15,2026-02-15 04:33:39,2026-02-15,0,HYD,DEL,HYD-DEL,2026-02-15T18:30:00,2026-02-15T20:45:00,135,6E,Indigo,Budget,2317,321,,2,18,True,6,2,13900,25580,17879.833333333332,11680,13900,Economy,True,Saver (Regular),15 Kilograms,7 KG,3
2026-02-15,2026-02-15 04:33:39,2026-02-15,0,HYD,DEL,HYD-DEL,2026-02-15T17:00:00,2026-02-15T19:20:00,140,6E,Indigo,Budget,962,321,,1,17,True,6,2,15782,22580,18134.5,6798,15782,Economy,True,Saver (Regular),15 Kilograms,7 KG,1
2026-02-15,2026-02-15 04:33:39,2026-02-15,0,HYD,DEL,HYD-DEL,2026-02-15T15:15:00,2026-02-15T17:50:00,155,6E,Indigo,Budget,849,321,,1,15,True,6,2,15782,22580,18134.5,6798,15782,Economy,True,SME.CrpCon,15 Kilograms,7 KG,3
2026-02-15,2026-02-15 04:33:39,2026-02-15,0,HYD,DEL,HYD-DEL,2026-02-15T18:35:00,2026-02-15T20:55:00,140,AI,Air India,Premium,2880,32N,,3,18,True,6,2,16623,16937,16780.0,314,16623,Economy,True,SME,15 KG,7 KG,8
2026-02-15,2026-02-15 04:33:39,2026-02-15,0,HYD,DEL,HYD-DEL,2026-02-15T17:30:00,2026-02-15T19:55:00,145,AI,Air India,Premium,2890,32N,,3,17,True,6,2,16623,16937,16780.0,314,16623,Economy,True,SME,15 KG,7 KG,7
2026-02-15,2026-02-15 04:33:39,2026-02-15,0,HYD,DEL,HYD-DEL,2026-02-15T20:00:00,2026-02-15T22:30:00,150,AI,Air India,Premium,2520,32N,,3,20,True,6,2,16623,16937,16780.0,314,16623,Economy,True,SME,15 KG,7 KG,7
2026-02-15,2026-02-15 04:33:39,2026-02-15,0,HYD,DEL,HYD-DEL,2026-02-15T13:45:00,2026-02-15T16:05:00,140,6E,Indigo,Budget,6043,321,,1,13,True,6,2,20999,22580,21789.5,1581,20999,Business,True,Stretch,30 Kilograms,12 KG,3
2026-02-15,2026-02-15 04:33:39,2026-02-15,0,HYD,DEL,HYD-DEL,2026-02-15T14:05:00,2026-02-15T16:30:00,145,AI,Air India,Premium,2541,32N,,3,14,True,6,2,52764,54287,53525.5,1523,52764,Business,True,SME,30 KG,10 KG,1
2026-02-15,2026-02-15 04:33:39,2026-02-15,0,HYD,BOM,HYD-BOM,2026-02-15T19:15:00,2026-02-15T20:55:00,100,6E,Indigo,Budget,5061,321,,1,19,True,6,2,8995,17555,11935.0,8560,8995,Economy,True,SME.CrpCon,15 Kilograms,7 KG,8
2026-02-15,2026-02-15 04:33:39,2026-02-15,0,HYD,BOM,HYD-BOM,2026-02-15T17:30:00,2026-02-15T19:25:00,115,AI,Air India,Premium,2447,32N,,2,17,True,6,2,9216,9228,9222.0,12,9216,Economy,True,Publish,15 KG,7 KG,1
2026-02-15,2026-02-15 04:33:39,2026-02-15,0,HYD,BOM,HYD-BOM,2026-02-15T17:15:00,2026-02-15T18:50:00,95,6E,Indigo,Budget,791,321,,2,17,True,6,2,10360,12040,10858.75,1680,10360,Economy,True,SME.CrpCon,15 Kilograms,7 KG,3
2026-02-15,2026-02-15 04:33:39,2026-02-15,0,HYD,BOM,HYD-BOM,2026-02-15T14:30:00,2026-02-15T16:05:00,95,6E,Indigo,Budget,5099,321,,1,14,True,6,2,10360,17555,12845.0,7195,10360,Economy,True,Saver (Regular),15 Kilograms,7 KG,10
2026-02-15,2026-02-15 04:33:39,2026-02-15,0,HYD,BOM,HYD-BOM,2026-02-15T21:50:00,2026-02-15T23:30:00,100,6E,Indigo,Budget,5003,321,,1,21,True,6,2,10360,10675,10465.0,315,10360,Economy,True,Saver (Regular),15 Kilograms,7 KG,8
2026-02-15,2026-02-15 04:33:39,2026-02-15,0,HYD,BOM,HYD-BOM,2026-02-15T14:25:00,2026-02-15T16:10:00,105,AI,Air India,Premium,2445,32N,,2,14,True,6,2,13591,13810,13700.5,219,13591,Economy,True,SME,15 KG,7 KG,3
2026-02-15,2026-02-15 04:33:39,2026-02-15,0,HYD,BOM,HYD-BOM,2026-02-15T22:20:00,2026-02-16T00:10:00,110,AI,Air India,Premium,2699,32N,,2,22,True,6,2,13591,13810,13700.5,219,13591,Economy,True,SME,15 KG,7 KG,3
2026-02-15,2026-02-15 04:33:39,2026-02-15,0,HYD,BOM,HYD-BOM,2026-02-15T20:35:00,2026-02-15T22:30:00,115,AI,Air India,Premium,2876,32N,,2,20,True,6,2,13591,13810,13700.5,219,13591,Economy,True,SME,15 KG,7 KG,5
2026-02-15,2026-02-15 04:33:39,2026-02-15,0,MAA,DEL,MAA-DEL,2026-02-15T20:00:00,2026-02-15T22:45:00,165,AI,Air India,Premium,538,788,4,3,20,True,6,2,9085,9085,9085.0,0,9085,Economy,True,SME,15 KG,7 KG,1
2026-02-15,2026-02-15 04:33:39,2026-02-15,0,MAA,DEL,MAA-DEL,2026-02-15T23:15:00,2026-02-16T02:10:00,175,6E,Indigo,Budget,6818,321,1,1,23,True,6,2,11939,17528,13888.5,5589,11939,Economy,True,SME.CrpCon,15 Kilograms,7 KG,1
2026-02-15,2026-02-15 04:33:39,2026-02-15,0,MAA,DEL,MAA-DEL,2026-02-15T18:10:00,2026-02-15T20:55:00,165,6E,Indigo,Budget,613,321,1,1,18,True,6,2,15762,23527,18436.833333333332,7765,15762,Economy,True,Saver (Regular),15 Kilograms,7 KG,2
2026-02-15,2026-02-15 04:33:39,2026-02-15,0,MAA,DEL,MAA-DEL,2026-02-15T21:05:00,2026-02-15T23:55:00,170,6E,Indigo,Budget,6834,321,1,1,21,True,6,2,15947,19931,18096.5,3984,15947,Business,True,Stretch,30 Kilograms,12 KG,1
2026-02-15,2026-02-15 04:33:39,2026-02-15,0,MAA,DEL,MAA-DEL,2026-02-15T13:00:00,2026-02-15T15:50:00,170,6E,Indigo,Budget,230,321,1,1,13,True,6,2,16910,23527,19202.166666666668,6617,16910,Economy,True,SME.CrpCon,15 Kilograms,7 KG,3
2026-02-15,2026-02-15 04:33:39,2026-02-15,0,MAA,DEL,MAA-DEL,2026-02-15T16:00:00,2026-02-15T18:50:00,170,6E,Indigo,Budget,2761,321,1,2,16,True,6,2,16910,23527,19202.166666666668,6617,16910,Economy,True,SME.CrpCon,15 Kilograms,7 KG,9
2026-02-15,2026-02-15 04:33:39,2026-02-15,0,MAA,DEL,MAA-DEL,2026-02-15T14:30:00,2026-02-15T17:20:00,170,6E,Indigo,Budget,6831,321,1,1,14,True,6,2,18146,26528,21096.5,8382,18146,Economy,True,Saver (Regular),15 Kilograms,7 KG,3
2026-02-15,2026-02-15 04:33:39,2026-02-15,0,MAA,DEL,MAA-DEL,2026-02-15T21:40:00,2026-02-16T00:30:00,170,AI,Air India,Premium,2838,32N,4,3,21,True,6,2,19278,19686,19482.0,408,19278,Economy,True,SME,15 KG,7 KG,4
2026-02-15,2026-02-15 04:33:39,2026-02-15,0,MAA,DEL,MAA-DEL,2026-02-15T16:20:00,2026-02-15T19:30:00,190,AI,Air India,Premium,2484,32N,4,3,16,True,6,2,19278,19686,19482.0,408,19278,Economy,True,SME,15 KG,7 KG,4
2026-02-15,2026-02-15 04:33:39,2026-02-15,0,MAA,DEL,MAA-DEL,2026-02-15T14:30:00,2026-02-15T17:15:00,165,AI,Air India,Premium,2468,32N,4,3,14,True,6,2,42358,42687,42522.5,329,42358,Business,True,Publish,30 KG,10 KG,1
2026-02-15,2026-02-15 04:33:39,2026-02-15,0,MAA,BOM,MAA-BOM,2026-02-15T19:40:00,2026-02-15T21:50:00,130,SG,Spicejet,Budget,391,,,,19,True,6,2,4444,4582,4513.0,138,4444,Economy,False,Inst_Series2,15KG,7KG,4
2026-02-15,2026-02-15 04:33:39,2026-02-15,0,MAA,BOM,MAA-BOM,2026-02-15T12:55:00,2026-02-15T14:50:00,115,6E,Indigo,Budget,5056,321,1,1,12,True,6,2,6746,16373,10067.333333333334,9627,6746,Economy,True,SME.CrpCon,15 Kilograms,7 KG,1
2026-02-15,2026-02-15 04:33:39,2026-02-15,0,MAA,BOM,MAA-BOM,2026-02-15T21:10:00,2026-02-15T23:15:00,125,AI,Air India,Premium,436,319,4,2,21,True,6,2,10393,10417,10405.0,24,10393,Economy,True,SME,15 KG,7 KG,9
2026-02-15,2026-02-15 04:33:39,2026-02-15,0,MAA,BOM,MAA-BOM,2026-02-15T18:00:00,2026-02-15T20:25:00,145,AI,Air India,Premium,640,321,4,2,18,True,6,2,11054,11208,11131.0,154,11054,Economy,True,SME,15 KG,7 KG,9
2026-02-15,2026-02-15 04:33:39,2026-02-15,0,MAA,BOM,MAA-BOM,2026-02-15T14:45:00,2026-02-15T16:45:00,120,6E,Indigo,Budget,5371,321,1,1,14,True,6,2,12462,19672,14927.666666666666,7210,12462,Economy,True,SME.CrpCon,15 Kilograms,7 KG,2
2026-02-15,2026-02-15 04:33:39,2026-02-15,0,MAA,BOM,MAA-BOM,2026-02-15T19:00:00,2026-02-15T21:05:00,125,6E,Indigo,Budget,5367,321,1,1,19,True,6,2,12462,16373,13878.0,3911,12462,Economy,True,SME.CrpCon,15 Kilograms,7 KG,5
2026-02-15,2026-02-15 04:33:39,2026-02-15,0,MAA,BOM,MAA-BOM,2026-02-15T20:30:00,2026-02-15T22:40:00,130,6E,Indigo,Budget,5149,321,1,1,20,True,6,2,12462,16373,13878.0,3911,12462,Economy,True,SME.CrpCon,15 Kilograms,7 KG,3
2026-02-15,2026-02-15 04:33:39,2026-02-15,0,MAA,BOM,MAA-BOM,2026-02-15T17:00:00,2026-02-15T19:15:00,135,6E,Indigo,Budget,5091,321,1,1,17,True,6,2,12462,19672,14927.666666666666,7210,12462,Economy,True,SME.CrpCon,15 Kilograms,7 KG,2
2026-02-15,2026-02-15 04:33:39,2026-02-15,0,MAA,BOM,MAA-BOM,2026-02-15T15:45:00,2026-02-15T17:50:00,125,AI,Air India,Premium,2740,32N,4,2,15,True,6,2,12553,12753,12653.0,200,12553,Economy,True,SME,15 KG,7 KG,1
2026-02-15,2026-02-15 04:33:39,2026-02-15,0,MAA,BOM,MAA-BOM,2026-02-15T19:55:00,2026-02-15T22:05:00,130,SG,Spicejet,Budget,391,73H,1,1,19,True,6,2,15152,16466,15590.666666666666,1314,15152,Economy,True,Coupon,15 KG,7 KG,1
2026-02-15,2026-02-15 04:33:39,2026-02-15,0,CCU,BOM,CCU-BOM,2026-02-15T21:20:00,2026-02-16T00:30:00,190,QP,Akasa Air,Budget,1560,7AH,,1,21,True,6,2,15813,16728,16311.25,915,15813,Economy,True,Corporate,15KG,7 KG,9
2026-02-15,2026-02-15 04:33:39,2026-02-15,0,CCU,BOM,CCU-BOM,2026-02-15T23:00:00,2026-02-16T02:10:00,190,QP,Akasa Air,Budget,1141,7AH,,1,23,True,6,2,16678,17629,17202.75,951,16678,Economy,True,Corporate,15KG,7 KG,9
2026-02-15,2026-02-15 04:33:39,2026-02-15,0,CCU,BOM,CCU-BOM,2026-02-15T23:00:00,2026-02-16T01:55:00,175,AI,Air India,Premium,2410,32N,,2,23,True,6,2,17083,17418,17250.5,335,17083,Economy,True,SME,15 KG,7 KG,1
2026-02-15,2026-02-15 04:33:39,2026-02-15,0,CCU,BOM,CCU-BOM,2026-02-15T17:30:00,2026-02-15T20:50:00,200,AI,Air India,Premium,2774,32N,,2,17,True,6,2,17083,17418,17250.5,335,17083,Economy,True,SME,15 KG,7 KG,2
2026-02-15,2026-02-15 04:33:39,2026-02-15,0,CCU,BOM,CCU-BOM,2026-02-15T18:30:00,2026-02-15T21:35:00,185,6E,Indigo,Budget,2248,321,,2,18,True,6,2,17455,24703,20095.5,7248,17455,Economy,True,Saver (Regular),15 Kilograms,7 KG,2
2026-02-15,2026-02-15 04:33:39,2026-02-15,0,CCU,BOM,CCU-BOM,2026-02-15T21:30:00,2026-02-16T00:40:00,190,6E,Indigo,Budget,115,321,,2,21,True,6,2,17455,24703,20095.5,7248,17455,Economy,True,Saver (Regular),15 Kilograms,7 KG,12
2026-02-15,2026-02-15 04:33:39,2026-02-15,0,CCU,BOM,CCU-BOM,2026-02-15T20:35:00,2026-02-15T23:30:00,175,AI,Air India,Premium,2482,32N,,2,20,True,6,2,19463,19871,19667.0,408,19463,Economy,True,SME,15 KG,7 KG,1
2026-02-15,2026-02-15 04:33:39,2026-02-15,0,CCU,BOM,CCU-BOM,2026-02-15T15:10:00,2026-02-15T18:15:00,185,AI,Air India,Premium,2472,32N,,2,15,True,6,2,19463,19871,19667.0,408,19463,Economy,True,SME,15 KG,7 KG,3
2026-02-15,2026-02-15 04:33:39,2026-02-15,0,CCU,BOM,CCU-BOM,2026-02-15T16:30:00,2026-02-15T19:30:00,180,6E,Indigo,Budget,695,321,,2,16,True,6,2,19765,24703,21635.5,4938,19765,Economy,True,Saver (Regular),15 Kilograms,7 KG,5
2026-02-15,2026-02-15 04:33:39,2026-02-15,0,CCU,BOM,CCU-BOM,2026-02-15T13:30:00,2026-02-15T16:30:00,180,6E,Indigo,Budget,789,321,,2,13,True,6,2,19765,35413,25225.166666666668,15648,19765,Economy,True,Saver (Regular),15 Kilograms,7 KG,11
2026-02-15,2026-02-15 04:33:39,2026-02-15,0,PNQ,DEL,PNQ-DEL,2026-02-15T21:00:00,2026-02-15T23:15:00,135,QP,Akasa Air,Budget,1810,7MB,1,1,21,True,6,2,8822,9453,9120.25,631,8822,Economy,True,Corporate,15KG,7 KG,2
2026-02-15,2026-02-15 04:33:39,2026-02-15,0,PNQ,DEL,PNQ-DEL,2026-02-15T23:55:00,2026-02-16T02:10:00,135,6E,Indigo,Budget,6926,321,,1,23,True,6,2,9077,10757,9628.25,1680,9077,Economy,True,SME.CrpCon,15 Kilograms,7 KG,3
2026-02-15,2026-02-15 04:33:39,2026-02-15,0,PNQ,DEL,PNQ-DEL,2026-02-15T21:20:00,2026-02-15T23:30:00,130,6E,Indigo,Budget,6658,321,,1,21,True,6,2,9618,11298,10169.25,1680,9618,Economy,True,SME.CrpCon,15 Kilograms,7 KG,1
2026-02-15,2026-02-15 04:33:39,2026-02-15,0,PNQ,DEL,PNQ-DEL,2026-02-15T23:15:00,2026-02-16T01:30:00,135,6E,Indigo,Budget,2278,321,,2,23,True,6,2,9618,11298,10169.25,1680,9618,Economy,True,Saver (Regular),15 Kilograms,7 KG,10
2026-02-15,2026-02-15 04:33:39,2026-02-15,0,PNQ,DEL,PNQ-DEL,2026-02-15T21:05:00,2026-02-15T23:25:00,140,AI,Air India,Premium,1853,319,,2,21,True,6,2,10914,10956,10935.0,42,10914,Economy,True,SME,15 KG,7 KG,1
2026-02-15,2026-02-15 04:33:39,2026-02-15,0,PNQ,DEL,PNQ-DEL,2026-02-15T22:00:00,2026-02-16T00:15:00,135,AI,Air India,Premium,1804,32N,,2,22,True,6,2,11746,11922,11834.0,176,11746,Economy,True,SME,15 KG,7 KG,1
2026-02-15,2026-02-15 04:33:39,2026-02-15,0,PNQ,DEL,PNQ-DEL,2026-02-15T16:35:00,2026-02-15T19:00:00,145,6E,Indigo,Budget,2587,321,,2,16,True,6,2,13698,15378,14301.75,1680,13698,Economy,True,SME.CrpCon,15 Kilograms,7 KG,4
2026-02-15,2026-02-15 04:33:39,2026-02-15,0,PNQ,DEL,PNQ-DEL,2026-02-15T15:50:00,2026-02-15T18:10:00,140,AI,Air India,Premium,1839,32N,,2,15,True,6,2,14848,15121,14984.5,273,14848,Economy,True,SME,15 KG,7 KG,1
2026-02-15,2026-02-15 04:33:39,2026-02-15,0,PNQ,DEL,PNQ-DEL,2026-02-15T13:05:00,2026-02-15T15:15:00,130,6E,Indigo,Budget,166,321,,1,13,True,6,2,15444,16284,15724.0,840,15444,Economy,True,Saver (Regular),15 Kilograms,7 KG,1
2026-02-15,2026-02-15 04:33:39,2026-02-15,0,PNQ,DEL,PNQ-DEL,2026-02-15T18:45:00,2026-02-15T20:55:00,130,AI,Air India,Premium,2972,32N,,3,18,True,6,2,16195,16509,16352.0,314,16195,Economy,True,SME,15 KG,7 KG,4
2026-02-15,2026-02-15 04:33:39,2026-02-15,0,PNQ,DEL,PNQ-DEL,2026-02-15T19:05:00,2026-02-15T21:20:00,135,IX,Air India Express,Premium,1231,7M8,,1,19,True,6,2,16661,17711,17028.5,1050,16661,Economy,True,Value,15KG,7 Kg,9
2026-02-15,2026-02-15 04:33:39,2026-02-15,0,PNQ,DEL,PNQ-DEL,2026-02-15T17:45:00,2026-02-15T19:55:00,130,SG,Spicejet,Budget,184,7M8,,1D,17,True,6,2,20864,20864,20864.0,0,20864,Economy,True,Coupon,15 KG,7 KG,1
2026-02-15,2026-02-15 04:33:39,2026-02-15,0,PNQ,BLR,PNQ-BLR,2026-02-15T20:40:00,2026-02-15T22:20:00,100,IX,Air India Express,Premium,2839,32N,,2,20,True,6,2,5102,6046,5416.5,944,5102,Economy,True,Value,15KG,7 Kg,1
2026-02-15,2026-02-15 04:33:39,2026-02-15,0,PNQ,BLR,PNQ-BLR,2026-02-15T23:05:00,2026-02-16T00:45:00,100,QP,Akasa Air,Budget,1318,7YL,1,1,23,True,6,2,11281,11799,11549.0,518,11281,Economy,True,Corporate,15KG,7 KG,3
2026-02-15,2026-02-15 04:33:39,2026-02-15,0,PNQ,BLR,PNQ-BLR,2026-02-15T17:10:00,2026-02-15T18:50:00,100,QP,Akasa Air,Budget,1365,7WH,1,1,17,True,6,2,12925,13462,13219.25,537,12925,Economy,True,Corporate,15KG,7 KG,9
2026-02-15,2026-02-15 04:33:39,2026-02-15,0,PNQ,BLR,PNQ-BLR,2026-02-15T19:50:00,2026-02-15T21:30:00,100,6E,Indigo,Budget,6055,320,,1,19,True,6,2,13188,14868,14001.75,1680,13188,Economy,True,Saver (Regular),15 Kilograms,7 KG,2
2026-02-15,2026-02-15 04:33:39,2026-02-15,0,PNQ,BLR,PNQ-BLR,2026-02-15T17:00:00,2026-02-15T18:40:00,100,6E,Indigo,Budget,137,321,,1,17,True,6,2,13188,14868,14001.75,1680,13188,Economy,True,Saver (Regular),15 Kilograms,7 KG,1
2026-02-15,2026-02-15 04:33:39,2026-02-15,0,PNQ,BLR,PNQ-BLR,2026-02-15T18:30:00,2026-02-15T20:10:00,100,IX,Air India Express,Premium,2874,7M8,,2,18,True,6,2,13445,14389,13759.5,944,13445,Economy,True,Corporate Value,15KG,7 KG,9
2026-02-15,2026-02-15 04:33:39,2026-02-15,0,PNQ,BLR,PNQ-BLR,2026-02-15T14:55:00,2026-02-15T16:40:00,105,IX,Air India Express,Premium,2718,738,,2,14,True,6,2,13445,18563,14720.2,5118,13445,Economy,True,Corporate Value,15KG,7 KG,8
2026-02-15,2026-02-15 04:33:39,2026-02-15,0,AMD,BOM,AMD-BOM,2026-02-15T22:05:00,2026-02-15T23:10:00,65,SG,Spicejet,Budget,9722,73H,2,1,22,True,6,2,7445,8761,7884.333333333333,1316,7445,Economy,True,Coupon,15 KG,7 KG,2
2026-02-15,2026-02-15 04:33:39,2026-02-15,0,AMD,BOM,AMD-BOM,2026-02-15T22:45:00,2026-02-16T00:10:00,85,6E,Indigo,Budget,6794,320,1,2,22,True,6,2,8803,10483,9669.25,1680,8803,Economy,True,Saver (Regular),15 Kilograms,7 KG,1
2026-02-15,2026-02-15 04:33:39,2026-02-15,0,AMD,BOM,AMD-BOM,2026-02-15T16:20:00,2026-02-15T17:45:00,85,6E,Indigo,Budget,682,321,1,2,16,True,6,2,8803,10483,9669.25,1680,8803,Economy,True,Saver (Regular),15 Kilograms,7 KG,18
2026-02-15,2026-02-15 04:33:39,2026-02-15,0,AMD,BOM,AMD-BOM,2026-02-15T14:55:00,2026-02-15T16:35:00,100,AI,Air India,Premium,2504,321,1,2,14,True,6,2,27388,27583,27485.5,195,27388,Business,True,SME,30 KG,10 KG,4
2026-02-15,2026-02-15 04:33:39,2026-02-15,0,AMD,BOM,AMD-BOM,2026-02-15T18:10:00,2026-02-15T19:50:00,100,AI,Air India,Premium,2916,32N,1,2,18,True,6,2,27388,27583,27485.5,195,27388,Business,True,SME,30 KG,10 KG,2
2026-02-15,2026-02-15 04:33:39,2026-02-15,0,AMD,DEL,AMD-DEL,2026-02-15T19:25:00,2026-02-15T21:15:00,110,SG,Spicejet,Budget,878,,,,19,True,6,2,10236,10650,10443.0,414,10236,Economy,False,Inst_Series2,15KG,7KG,4
2026-02-15,2026-02-15 04:33:39,2026-02-15,0,AMD,DEL,AMD-DEL,2026-02-15T14:00:00,2026-02-15T15:35:00,95,AI,Air India,Premium,2716,32N,1,3,14,True,6,2,13391,13610,13500.5,219,13391,Economy,True,SME,15 KG,7 KG,1
2026-02-15,2026-02-15 04:33:39,2026-02-15,0,AMD,DEL,AMD-DEL,2026-02-15T23:00:00,2026-02-16T00:45:00,105,AI,Air India,Premium,2546,32N,1,3,23,True,6,2,13391,13610,13500.5,219,13391,Economy,True,SME,15 KG,7 KG,1
2026-02-15,2026-02-15 04:33:39,2026-02-15,0,AMD,DEL,AMD-DEL,2026-02-15T20:30:00,2026-02-15T22:20:00,110,AI,Air India,Premium,810,321,1,3,20,True,6,2,13391,13610,13500.5,219,13391,Economy,True,SME,15 KG,7 KG,6
2026-02-15,2026-02-15 04:33:39,2026-02-15,0,AMD,DEL,AMD-DEL,2026-02-15T21:35:00,2026-02-15T23:35:00,120,AI,Air India,Premium,532,321,1,3,21,True,6,2,13391,13610,13500.5,219,13391,Economy,True,SME,15 KG,7 KG,2
2026-02-15,2026-02-15 04:33:39,2026-02-15,0,AMD,DEL,AMD-DEL,2026-02-15T21:15:00,2026-02-15T22:45:00,90,6E,Indigo,Budget,2209,321,1,2,21,True,6,2,13610,15290,14371.25,1680,13610,Economy,True,Saver (Regular),15 Kilograms,7 KG,8
2026-02-15,2026-02-15 04:33:39,2026-02-15,0,AMD,DEL,AMD-DEL,2026-02-15T23:15:00,2026-02-16T00:45:00,90,6E,Indigo,Budget,5006,321,1,3,23,True,6,2,13610,15290,14397.5,1680,13610,Economy,True,Saver (Regular),15 Kilograms,7 KG,4
2026-02-15,2026-02-15 04:33:39,2026-02-15,0,AMD,DEL,AMD-DEL,2026-02-15T19:50:00,2026-02-15T21:25:00,95,6E,Indigo,Budget,5226,320,1,3,19,True,6,2,13610,15290,14371.25,1680,13610,Economy,True,Saver (Regular),15 Kilograms,7 KG,6
2026-02-15,2026-02-15 04:33:39,2026-02-15,0,AMD,DEL,AMD-DEL,2026-02-15T17:45:00,2026-02-15T19:20:00,95,6E,Indigo,Budget,6790,320,1,1,17,True,6,2,13610,15080,14205.0,1470,13610,Economy,True,Saver (Regular),15 Kilograms,7 KG,15
2026-02-15,2026-02-15 04:33:39,2026-02-15,0,AMD,DEL,AMD-DEL,2026-02-15T14:05:00,2026-02-15T15:40:00,95,6E,Indigo,Budget,6695,321,1,1,14,True,6,2,13610,15290,14476.25,1680,13610,Economy,True,Saver (Regular),15 Kilograms,7 KG,6
2026-02-15,2026-02-15 04:33:39,2026-02-15,0,AMD,DEL,AMD-DEL,2026-02-15T19:40:00,2026-02-15T21:30:00,110,SG,Spicejet,Budget,878,73H,2,1D,19,True,6,2,17991,17991,17991.0,0,17991,Economy,True,Coupon,15 KG,7 KG,1
2026-02-15,2026-02-15 04:33:39,2026-02-15,0,AMD,DEL,AMD-DEL,2026-02-15T19:00:00,2026-02-15T20:40:00,100,AI,Air India,Premium,2938,321,1,3,19,True,6,2,18788,19418,19103.0,630,18788,PremiumEconomy,True,SME,15 KG,7 KG,4
2026-02-15,2026-02-15 04:33:39,2026-02-15,0,AMD,DEL,AMD-DEL,2026-02-15T16:00:00,2026-02-15T17:45:00,105,AI,Air India,Premium,882,321,1,3,16,True,6,2,35289,35903,35596.0,614,35289,Business,True,SME,30 KG,10 KG,1
2026-02-15,2026-02-15 04:33:39,2026-02-15,0,GOI,BOM,GOI-BOM,2026-02-15T21:30:00,2026-02-15T23:10:00,100,AI,Air India,Premium,2506,32N,,2,21,True,6,2,8796,8873,8834.5,77,8796,Economy,True,SME,15 KG,7 KG,1
2026-02-15,2026-02-15 04:33:39,2026-02-15,0,GOI,BOM,GOI-BOM,2026-02-15T23:05:00,2026-02-16T00:25:00,80,IX,Air India Express,Premium,1209,7M8,,2,23,True,6,2,8823,10397,9417.666666666666,1574,8823,Economy,True,Value,15KG,7 Kg,2
2026-02-15,2026-02-15 04:33:39,2026-02-15,0,GOI,BOM,GOI-BOM,2026-02-15T23:55:00,2026-02-16T01:20:00,85,6E,Indigo,Budget,205,320,,2,23,True,6,2,8873,10343,9468.0,1470,8873,Economy,True,Saver (Regular),15 Kilograms,7 KG,8
2026-02-15,2026-02-15 04:33:39,2026-02-15,0,GOI,BOM,GOI-BOM,2026-02-15T22:40:00,2026-02-16T00:05:00,85,6E,Indigo,Budget,5143,321,,1,22,True,6,2,8873,10658,9634.25,1785,8873,Economy,True,Saver (Regular),15 Kilograms,7 KG,11
2026-02-15,2026-02-15 04:33:39,2026-02-15,0,GOI,BOM,GOI-BOM,2026-02-15T20:20:00,2026-02-15T21:40:00,80,QP,Akasa Air,Budget,1302,7BH,,1,20,True,6,2,9101,9738,9362.0,637,9101,Economy,True,Corporate,15KG,7 KG,1
2026-02-15,2026-02-15 04:33:39,2026-02-15,0,GOI,BLR,GOI-BLR,2026-02-15T20:20:00,2026-02-15T21:55:00,95,9I,Allianceair,Unknown,548,ATR-72,T1,T2,20,True,6,2,8259,8259,8259.0,0,8259,Economy,True,SuperSaver,15KG,5 KG,5
2026-02-15,2026-02-15 04:33:39,2026-02-15,0,GOI,BLR,GOI-BLR,2026-02-15T21:30:00,2026-02-15T22:50:00,80,6E,Indigo,Budget,901,320,,1,21,True,6,2,9050,10625,9890.0,1575,9050,Economy,True,Saver (Regular),15 Kilograms,7 KG,3
2026-02-15,2026-02-15 04:33:39,2026-02-15,0,GOI,BLR,GOI-BLR,2026-02-15T22:30:00,2026-02-15T23:50:00,80,6E,Indigo,Budget,6308,321,,1,22,True,6,2,9050,10625,9890.0,1575,9050,Economy,True,Saver (Regular),15 Kilograms,7 KG,1
2026-02-15,2026-02-15 04:33:39,2026-02-15,0,JAI,DEL,JAI-DEL,2026-02-15T17:45:00,2026-02-15T18:50:00,65,9I,Allianceair,Unknown,844,ATR-72,T2,T1 ( TERMINAL 1 ),17,True,6,2,5115,5115,5115.0,0,5115,Economy,True,SuperSaver,15KG,5 KG,5
2026-02-15,2026-02-15 04:33:39,2026-02-15,0,JAI,DEL,JAI-DEL,2026-02-15T18:55:00,2026-02-15T19:55:00,60,IX,Air India Express,Premium,1289,32N,2,1,18,True,6,2,5307,6147,5569.5,840,5307,Economy,True,Value,15KG,7 Kg,2
2026-02-15,2026-02-15 04:33:39,2026-02-15,0,JAI,DEL,JAI-DEL,2026-02-15T13:00:00,2026-02-15T14:05:00,65,9I,Allianceair,Unknown,644,ATR-42,T2,T1 ( TERMINAL 1 ),13,True,6,2,6795,6795,6795.0,0,6795,Economy,True,SuperSaver,15KG,5 KG,3
2026-02-15,2026-02-15 04:33:39,2026-02-15,0,JAI,DEL,JAI-DEL,2026-02-15T23:50:00,2026-02-16T01:00:00,70,6E,Indigo,Budget,5136,321,2,3,23,True,6,2,7425,9000,7897.5,1575,7425,Economy,True,Saver (Regular),15 Kilograms,7 KG,8
2026-02-15,2026-02-15 04:33:39,2026-02-15,0,JAI,DEL,JAI-DEL,2026-02-15T13:55:00,2026-02-15T14:55:00,60,6E,Indigo,Budget,5096,320,2,3,13,True,6,2,9105,10995,10023.75,1890,9105,Economy,True,Saver (Regular),15 Kilograms,7 KG,12
2026-02-15,2026-02-15 04:33:39,2026-02-15,0,JAI,DEL,JAI-DEL,2026-02-15T17:05:00,2026-02-15T18:10:00,65,AI,Air India,Premium,2762,32N,2,3,17,True,6,2,12556,12840,12698.0,284,12556,PremiumEconomy,True,SME,15 KG,7 KG,2
2026-02-15,2026-02-15 04:33:39,2026-02-15,0,LKO,DEL,LKO-DEL,2026-02-15T20:30:00,2026-02-15T22:00:00,90,IX,Air India Express,Premium,2170,7M8,3,1,20,True,6,2,7549,8389,7811.5,840,7549,Economy,True,Value,15KG,7 Kg,2
2026-02-15,2026-02-15 04:33:39,2026-02-15,0,LKO,DEL,LKO-DEL,2026-02-15T20:55:00,2026-02-15T22:05:00,70,6E,Indigo,Budget,2449,321,3,2,20,True,6,2,7776,9456,8484.75,1680,7776,Economy,True,Saver (Regular),15 Kilograms,7 KG,7
2026-02-15,2026-02-15 04:33:39,2026-02-15,0,LKO,DEL,LKO-DEL,2026-02-15T19:20:00,2026-02-15T20:35:00,75,6E,Indigo,Budget,6615,320,3,1,19,True,6,2,7828,9508,8536.75,1680,7828,Economy,True,Saver (Regular),15 Kilograms,7 KG,4
2026-02-15,2026-02-15 04:33:39,2026-02-15,0,LKO,DEL,LKO-DEL,2026-02-15T23:40:00,2026-02-16T00:55:00,75,6E,Indigo,Budget,6489,738,3,1,23,True,6,2,8301,9981,9009.75,1680,8301,Economy,True,Saver (Regular),15 Kilograms,7 KG,2
2026-02-15,2026-02-15 04:33:39,2026-02-15,0,LKO,DEL,LKO-DEL,2026-02-15T13:00:00,2026-02-15T14:25:00,85,IX,Air India Express,Premium,1507,320,3,1,13,True,6,2,8666,9506,8928.5,840,8666,Economy,True,Value,15KG,7 Kg,9
2026-02-15,2026-02-15 04:33:39,2026-02-15,0,LKO,DEL,LKO-DEL,2026-02-15T16:20:00,2026-02-15T17:35:00,75,6E,Indigo,Budget,2292,320,3,2,16,True,6,2,9088,10768,9849.25,1680,9088,Economy,True,Saver (Regular),15 Kilograms,7 KG,2
2026-02-15,2026-02-15 04:33:39,2026-02-15,0,LKO,DEL,LKO-DEL,2026-02-15T16:55:00,2026-02-15T18:05:00,70,6E,Indigo,Budget,5070,320,3,3,16,True,6,2,9193,10873,9980.5,1680,9193,Economy,True,Saver (Regular),15 Kilograms,7 KG,2
2026-02-15,2026-02-15 04:33:39,2026-02-15,0,LKO,DEL,LKO-DEL,2026-02-15T14:35:00,2026-02-15T15:50:00,75,6E,Indigo,Budget,758,321,3,1,14,True,6,2,9193,10873,9980.5,1680,9193,Economy,True,Saver (Regular),15 Kilograms,7 KG,4
2026-02-15,2026-02-15 04:33:39,2026-02-15,0,LKO,DEL,LKO-DEL,2026-02-15T22:30:00,2026-02-15T23:55:00,85,AI,Air India,Premium,1821,32N,3,2,22,True,6,2,9221,9298,9259.5,77,9221,Economy,True,SME,15 KG,7 KG,9
2026-02-15,2026-02-15 04:33:39,2026-02-15,0,LKO,DEL,LKO-DEL,2026-02-15T20:50:00,2026-02-15T22:15:00,85,AI,Air India,Premium,1877,32N,3,2,20,True,6,2,9221,9298,9259.5,77,9221,Economy,True,SME,15 KG,7 KG,9
2026-02-15,2026-02-15 04:33:39,2026-02-15,0,LKO,DEL,LKO-DEL,2026-02-15T19:40:00,2026-02-15T21:00:00,80,IX,Air India Express,Premium,1618,32Y,3,1,19,True,6,2,9449,10289,9711.5,840,9449,Economy,True,Value,15KG,7 Kg,9
2026-02-15,2026-02-15 04:33:39,2026-02-15,0,PAT,DEL,PAT-DEL,2026-02-15T23:10:00,2026-02-16T01:00:00,110,6E,Indigo,Budget,6550,320,,1,23,True,6,2,7308,9093,7852.75,1785,7308,Economy,True,SME.CrpCon,15 Kilograms,7 KG,4
2026-02-15,2026-02-15 04:33:39,2026-02-15,0,PAT,DEL,PAT-DEL,2026-02-15T19:20:00,2026-02-15T21:10:00,110,SG,Spicejet,Budget,170,73G,1,1D,19,True,6,2,7364,8678,7802.666666666667,1314,7364,Economy,True,Coupon,15 KG,7 KG,1
2026-02-15,2026-02-15 04:33:39,2026-02-15,0,PAT,DEL,PAT-DEL,2026-02-15T21:25:00,2026-02-15T23:15:00,110,6E,Indigo,Budget,2309,320,,2,21,True,6,2,7728,9513,8272.75,1785,7728,Economy,True,Saver (Regular),15 Kilograms,7 KG,2
2026-02-15,2026-02-15 04:33:39,2026-02-15,0,PAT,DEL,PAT-DEL,2026-02-15T20:15:00,2026-02-15T22:10:00,115,6E,Indigo,Budget,6644,320,,1,20,True,6,2,7728,9513,8272.75,1785,7728,Economy,True,Saver (Regular),15 Kilograms,7 KG,1
2026-02-15,2026-02-15 04:33:39,2026-02-15,0,PAT,DEL,PAT-DEL,2026-02-15T21:15:00,2026-02-15T23:15:00,120,IX,Air India Express,Premium,1196,7M8,,1,21,True,6,2,8120,9064,8434.5,944,8120,Economy,True,Value,15KG,7 Kg,2
2026-02-15,2026-02-15 04:33:39,2026-02-15,0,PAT,DEL,PAT-DEL,2026-02-15T13:45:00,2026-02-15T15:25:00,100,6E,Indigo,Budget,2573,320,,,13,True,6,2,8710,10285,9274.25,1575,8710,Economy,True,Saver (Regular),15 Kilograms,7 KG,5
2026-02-15,2026-02-15 04:33:39,2026-02-15,0,PAT,DEL,PAT-DEL,2026-02-15T18:15:00,2026-02-15T20:05:00,110,6E,Indigo,Budget,6380,320,,1,18,True,6,2,9093,9487,9224.333333333334,394,9093,Economy,True,Saver (Regular),15 Kilograms,7 KG,1
2026-02-15,2026-02-15 04:33:39,2026-02-15,0,PAT,DEL,PAT-DEL,2026-02-15T16:35:00,2026-02-15T18:30:00,115,6E,Indigo,Budget,5007,320,,3,16,True,6,2,11928,13713,12472.75,1785,11928,Economy,True,SME.CrpCon,15 Kilograms,7 KG,1
2026-02-15,2026-02-15 04:33:39,2026-02-15,0,PAT,DEL,PAT-DEL,2026-02-15T15:30:00,2026-02-15T17:15:00,105,AI,Air India,Premium,2646,32N,,3,15,True,6,2,13704,13923,13813.5,219,13704,Economy,True,SME,15 KG,7 KG,1
2026-02-15,2026-02-15 04:33:39,2026-02-15,0,PAT,DEL,PAT-DEL,2026-02-15T19:10:00,2026-02-15T21:15:00,125,AI,Air India,Premium,1819,32N,,2,19,True,6,2,13704,13923,13813.5,219,13704,Economy,True,SME,15 KG,7 KG,4
2026-02-15,2026-02-15 04:33:39,2026-02-15,0,PAT,DEL,PAT-DEL,2026-02-15T13:15:00,2026-02-15T15:20:00,125,AI,Air India,Premium,2524,32N,,3,13,True,6,2,19101,19731,19416.0,630,19101,PremiumEconomy,True,SME,15 KG,7 KG,3
2026-02-15,2026-02-15 04:33:39,2026-02-15,0,SXR,DEL,SXR-DEL,2026-02-15T14:45:00,2026-02-15T16:35:00,110,IX,Air India Express,Premium,1017,32Y,,1,14,True,6,2,5390,6334,5704.5,944,5390,Economy,True,Value,15KG,7 Kg,9
2026-02-15,2026-02-15 04:33:39,2026-02-15,0,SXR,DEL,SXR-DEL,2026-02-15T12:55:00,2026-02-15T14:25:00,90,SG,Spicejet,Budget,664,73H,1,1D,12,True,6,2,8731,10645,9569.666666666666,1914,8731,Economy,True,Coupon,15 KG,7 KG,5
2026-02-15,2026-02-15 04:33:39,2026-02-15,0,SXR,DEL,SXR-DEL,2026-02-15T14:30:00,2026-02-15T16:15:00,105,QP,Akasa Air,Budget,1803,7MX,,1,14,True,6,2,9269,9839,9534.0,570,9269,Economy,True,Corporate,15KG,7 KG,9
2026-02-15,2026-02-15 04:33:39,2026-02-15,0,SXR,DEL,SXR-DEL,2026-02-15T13:15:00,2026-02-15T14:45:00,90,6E,Indigo,Budget,6757,321,,1,13,True,6,2,13000,14575,13813.75,1575,13000,Economy,True,Saver (Regular),15 Kilograms,7 KG,3
2026-02-15,2026-02-15 04:33:39,2026-02-15,0,SXR,DEL,SXR-DEL,2026-02-15T13:45:00,2026-02-15T15:20:00,95,AI,Air India,Premium,1818,32N,,2,13,True,6,2,43017,44010,43513.5,993,43017,Business,True,SME,30 KG,10 KG,1
2026-02-15,2026-02-15 04:33:39,2026-02-15,0,BOM,DEL,BOM-DEL,2026-02-15T23:05:00,2026-02-16T01:30:00,145,SG,Spicejet,Budget,386,73H,1,1D,23,True,6,2,9848,11162,10286.666666666666,1314,9848,Economy,True,Coupon,15 KG,7 KG,1
2026-02-15,2026-02-15 04:33:39,2026-02-15,0,BOM,DEL,BOM-DEL,2026-02-15T22:15:00,2026-02-16T00:30:00,135,6E,Indigo,Budget,651,321,2,1,22,True,6,2,9871,23458,14398.666666666666,13587,9871,Economy,True,Saver (Regular),15 Kilograms,7 KG,1
2026-02-15,2026-02-15 04:33:39,2026-02-15,0,BOM,DEL,BOM-DEL,2026-02-15T21:00:00,2026-02-15T23:15:00,135,AI,Air India,Premium,816,77W,2,3,21,True,6,2,10158,10194,10176.0,36,10158,Economy,True,SME,15 KG,7 KG,3
2026-02-15,2026-02-15 04:33:39,2026-02-15,0,BOM,DEL,BOM-DEL,2026-02-15T21:15:00,2026-02-15T23:30:00,135,6E,Indigo,Budget,102,321,2,1,21,True,6,2,10501,23458,14818.666666666666,12957,10501,Economy,True,SME.CrpCon,15 Kilograms,7 KG,2
2026-02-15,2026-02-15 04:33:39,2026-02-15,0,BOM,DEL,BOM-DEL,2026-02-15T23:30:00,2026-02-16T02:00:00,150,6E,Indigo,Budget,2007,321,2,2,23,True,6,2,11131,23458,15238.666666666666,12327,11131,Economy,True,Saver (Regular),15 Kilograms,7 KG,1
2026-02-15,2026-02-15 04:33:39,2026-02-15,0,BOM,DEL,BOM-DEL,2026-02-15T23:55:00,2026-02-16T02:15:00,140,AI,Air India,Premium,1882,32N,2,2,23,True,6,2,11229,11397,11313.0,168,11229,Economy,True,SME,15 KG,7 KG,2
2026-02-15,2026-02-15 04:33:39,2026-02-15,0,BOM,DEL,BOM-DEL,2026-02-15T22:45:00,2026-02-16T01:10:00,145,AI,Air India,Premium,2986,32N,2,3,22,True,6,2,11229,11397,11313.0,168,11229,Economy,True,SME,15 KG,7 KG,1
2026-02-15,2026-02-15 04:33:39,2026-02-15,0,BOM,DEL,BOM-DEL,2026-02-15T19:00:00,2026-02-15T21:15:00,135,QP,Akasa Air,Budget,1120,7YL,1,1,19,True,6,2,11941,12513,12244.5,572,11941,Economy,True,Corporate,15KG,7 KG,8
2026-02-15,2026-02-15 04:33:39,2026-02-15,0,BOM,DEL,BOM-DEL,2026-02-15T14:30:00,2026-02-15T16:50:00,140,QP,Akasa Air,Budget,1819,7MA,1,1,14,True,6,2,11941,12513,12244.5,572,11941,Economy,True,Corporate,15KG,7 KG,6
2026-02-15,2026-02-15 04:33:39,2026-02-15,0,BOM,DEL,BOM-DEL,2026-02-15T21:30:00,2026-02-15T23:45:00,135,AI,Air India,Premium,1895,32N,2,2,21,True,6,2,12590,12801,12695.5,211,12590,Economy,True,SME,15 KG,7 KG,1
2026-02-15,2026-02-15 04:33:39,2026-02-15,0,BOM,DEL,BOM-DEL,2026-02-15T18:30:00,2026-02-15T20:45:00,135,AI,Air India,Premium,2996,32N,2,3,18,True,6,2,12590,12801,12695.5,211,12590,Economy,True,SME,15 KG,7 KG,1
2026-02-15,2026-02-15 04:33:39,2026-02-15,0,BOM,DEL,BOM-DEL,2026-02-15T15:00:00,2026-02-15T17:10:00,130,6E,Indigo,Budget,809,321,2,1,15,True,6,2,12601,12916,12706.0,315,12601,Economy,True,Saver (Regular),15 Kilograms,7 KG,1
2026-02-15,2026-02-15 04:33:39,2026-02-15,0,BOM,DEL,BOM-DEL,2026-02-15T20:15:00,2026-02-15T22:25:00,130,6E,Indigo,Budget,872,321,2,1,20,True,6,2,13441,23458,16778.666666666668,10017,13441,Economy,True,SME.CrpCon,15 Kilograms,7 KG,2
2026-02-15,2026-02-15 04:33:39,2026-02-15,0,BOM,DEL,BOM-DEL,2026-02-15T18:05:00,2026-02-15T20:15:00,130,6E,Indigo,Budget,6082,321,2,1,18,True,6,2,13441,27673,18183.666666666668,14232,13441,Economy,True,SME.CrpCon,15 Kilograms,7 KG,2
2026-02-15,2026-02-15 04:33:39,2026-02-15,0,BOM,DEL,BOM-DEL,2026-02-15T14:00:00,2026-02-15T16:20:00,140,IX,Air India Express,Premium,2153,32Y,,1,14,True,6,2,13686,14736,14176.0,1050,13686,Economy,True,Value,15KG,7 Kg,2
2026-02-15,2026-02-15 04:33:39,2026-02-15,0,BOM,DEL,BOM-DEL,2026-02-15T19:00:00,2026-02-15T21:20:00,140,AI,Air India,Premium,2426,32N,2,3,19,True,6,2,14194,14454,14324.0,260,14194,Economy,True,SME,15 KG,7 KG,2
2026-02-15,2026-02-15 04:33:39,2026-02-15,0,BOM,DEL,BOM-DEL,2026-02-15T13:00:00,2026-02-15T15:20:00,140,QP,Akasa Air,Budget,1127,7YL,1,1,13,True,6,2,14335,15006,14713.75,671,14335,Economy,True,Corporate,15KG,7 KG,9
2026-02-15,2026-02-15 04:33:39,2026-02-15,0,BOM,DEL,BOM-DEL,2026-02-15T16:00:00,2026-02-15T18:15:00,135,6E,Indigo,Budget,359,321,2,1,16,True,6,2,15173,16958,15698.0,1785,15173,Economy,True,Saver (Regular),15 Kilograms,7 KG,2
2026-02-15,2026-02-15 04:33:39,2026-02-15,0,BOM,DEL,BOM-DEL,2026-02-15T17:00:00,2026-02-15T19:15:00,135,6E,Indigo,Budget,6772,321,2,1,17,True,6,2,15173,27673,19814.4,12500,15173,Economy,True,Saver (Regular),15 Kilograms,7 KG,1
2026-02-15,2026-02-15 04:33:39,2026-02-15,0,BOM,DEL,BOM-DEL,2026-02-15T13:00:00,2026-02-15T15:15:00,135,AI,Air India,Premium,2677,32N,2,3,13,True,6,2,15945,16259,16102.0,314,15945,Economy,True,SME,15 KG,7 KG,2
2026-02-15,2026-02-15 04:33:39,2026-02-15,0,BOM,DEL,BOM-DEL,2026-02-15T18:00:00,2026-02-15T20:20:00,140,AI,Air India,Premium,2440,32N,2,3,18,True,6,2,15945,16259,16102.0,314,15945,Economy,True,SME,15 KG,7 KG,9
2026-02-15,2026-02-15 04:33:39,2026-02-15,0,BOM,DEL,BOM-DEL,2026-02-15T17:25:00,2026-02-15T19:45:00,140,AI,Air India,Premium,2910,32N,2,3,17,True,6,2,15945,16259,16102.0,314,15945,Economy,True,SME,15 KG,7 KG,5
2026-02-15,2026-02-15 04:33:39,2026-02-15,0,BOM,DEL,BOM-DEL,2026-02-15T20:00:00,2026-02-15T22:20:00,140,AI,Air India,Premium,2940,32N,2,3,20,True,6,2,15945,16259,16102.0,314,15945,Economy,True,SME,15 KG,7 KG,3
2026-02-15,2026-02-15 04:33:39,2026-02-15,0,BOM,DEL,BOM-DEL,2026-02-15T13:40:00,2026-02-15T16:00:00,140,AI,Air India,Premium,2960,32N,2,3,13,True,6,2,15945,16259,16102.0,314,15945,Economy,True,SME,15 KG,7 KG,3
2026-02-15,2026-02-15 04:33:39,2026-02-15,0,BOM,DEL,BOM-DEL,2026-02-15T20:30:00,2026-02-15T22:50:00,140,AI,Air India,Premium,2988,32N,2,3,20,True,6,2,15945,16259,16102.0,314,15945,Economy,True,SME,15 KG,7 KG,3
2026-02-15,2026-02-15 04:33:39,2026-02-15,0,BOM,DEL,BOM-DEL,2026-02-15T15:35:00,2026-02-15T18:00:00,145,AI,Air India,Premium,1851,32N,2,2,15,True,6,2,15945,16259,16102.0,314,15945,Economy,True,SME,15 KG,7 KG,2
2026-02-15,2026-02-15 04:33:39,2026-02-15,0,BOM,DEL,BOM-DEL,2026-02-15T16:25:00,2026-02-15T18:55:00,150,AI,Air India,Premium,2687,321,2,3,16,True,6,2,15945,16259,16102.0,314,15945,Economy,True,SME,15 KG,7 KG,1
2026-02-15,2026-02-15 04:33:39,2026-02-15,0,BOM,DEL,BOM-DEL,2026-02-15T19:10:00,2026-02-15T21:15:00,125,6E,Indigo,Budget,6613,321,2,1,19,True,6,2,16154,27673,19992.333333333332,11519,16154,Economy,True,SME.CrpCon,15 Kilograms,7 KG,8
2026-02-15,2026-02-15 04:33:39,2026-02-15,0,BOM,DEL,BOM-DEL,2026-02-15T20:50:00,2026-02-15T22:50:00,120,6E,Indigo,Budget,5192,320,,3,20,True,6,2,16296,17976,16794.75,1680,16296,Economy,True,Saver (Regular),15 Kilograms,7 KG,4
2026-02-15,2026-02-15 04:33:39,2026-02-15,0,BOM,DEL,BOM-DEL,2026-02-15T13:00:00,2026-02-15T15:10:00,130,6E,Indigo,Budget,615,321,2,1,13,True,6,2,28725,32940,30832.5,4215,28725,Business,True,Stretch,30 Kilograms,12 KG,1
2026-02-15,2026-02-15 04:33:39,2026-02-15,0,DEL,BLR,DEL-BLR,2026-02-15T20:50:00,2026-02-15T23:45:00,175,QP,Akasa Air,Budget,1350,7BH,1,1,20,True,6,2,8905,9603,9241.75,698,8905,Economy,True,Corporate,15KG,7 KG,7
2026-02-15,2026-02-15 04:33:39,2026-02-15,0,DEL,BLR,DEL-BLR,2026-02-15T14:25:00,2026-02-15T17:15:00,170,SG,Spicejet,Budget,760,73J,1D,1,14,True,6,2,9536,11150,10174.0,1614,9536,Economy,True,Coupon,15 KG,7 KG,13
2026-02-15,2026-02-15 04:33:39,2026-02-15,0,DEL,BLR,DEL-BLR,2026-02-15T19:55:00,2026-02-15T22:55:00,180,QP,Akasa Air,Budget,1824,7MY,1,1,19,True,6,2,9668,10398,10028.75,730,9668,Economy,True,Corporate,15KG,7 KG,7
2026-02-15,2026-02-15 04:33:39,2026-02-15,0,DEL,BLR,DEL-BLR,2026-02-15T21:05:00,2026-02-16T00:05:00,180,SG,Spicejet,Budget,142,,,,21,True,6,2,9730,10114.5,9922.25,384.5,9730,Economy,False,Inst_Series2,15KG,7KG,4
2026-02-15,2026-02-15 04:33:39,2026-02-15,0,DEL,BLR,DEL-BLR,2026-02-15T14:50:00,2026-02-15T17:50:00,180,QP,Akasa Air,Budget,1822,7YH,1,1,14,True,6,2,9881,10621,10248.25,740,9881,Economy,True,Corporate,15KG,7 KG,2
2026-02-15,2026-02-15 04:33:39,2026-02-15,0,DEL,BLR,DEL-BLR,2026-02-15T15:25:00,2026-02-15T18:20:00,175,IX,Air India Express,Premium,1507,320,1,2,15,True,6,2,9989,11039,10356.5,1050,9989,Economy,True,Corporate Value,15KG,7 KG,3
2026-02-15,2026-02-15 04:33:39,2026-02-15,0,DEL,BLR,DEL-BLR,2026-02-15T22:20:00,2026-02-16T01:15:00,175,IX,Air India Express,Premium,1056,7M8,1,2,22,True,6,2,9989,11039,10356.5,1050,9989,Economy,True,Corporate Value,15KG,7 KG,2
2026-02-15,2026-02-15 04:33:39,2026-02-15,0,DEL,BLR,DEL-BLR,2026-02-15T21:10:00,2026-02-16T00:05:00,175,IX,Air India Express,Premium,2679,7M8,1,2,21,True,6,2,9989,17919,11869.0,7930,9989,Economy,True,Corporate Value,15KG,7 KG,5
2026-02-15,2026-02-15 04:33:39,2026-02-15,0,DEL,BLR,DEL-BLR,2026-02-15T13:40:00,2026-02-15T16:35:00,175,SG,Spicejet,Budget,131,73H,1D,1,13,True,6,2,10534,11848,10972.666666666666,1314,10534,Economy,True,Coupon,15 KG,7 KG,6
2026-02-15,2026-02-15 04:33:39,2026-02-15,0,DEL,BLR,DEL-BLR,2026-02-15T14:00:00,2026-02-15T16:50:00,170,IX,Air India Express,Premium,2964,7M8,,2,14,True,6,2,11053,12103,11543.0,1050,11053,Economy,True,Value,15KG,7 Kg,9
2026-02-15,2026-02-15 04:33:39,2026-02-15,0,DEL,BLR,DEL-BLR,2026-02-15T23:10:00,2026-02-16T02:10:00,180,QP,Akasa Air,Budget,1812,7MX,1,1,23,True,6,2,11408,12211,11823.5,803,11408,Economy,True,Corporate,15KG,7 KG,6
2026-02-15,2026-02-15 04:33:39,2026-02-15,0,DEL,BLR,DEL-BLR,2026-02-15T21:30:00,2026-02-16T00:30:00,180,AI,Air India,Premium,2412,32N,3,2,21,True,6,2,11841,11905,11873.0,64,11841,Economy,True,SME,15 KG,7 KG,2
2026-02-15,2026-02-15 04:33:39,2026-02-15,0,DEL,BLR,DEL-BLR,2026-02-15T21:30:00,2026-02-16T00:25:00,175,6E,Indigo,Budget,477,321,1,1,21,True,6,2,11967,17581,13942.166666666666,5614,11967,Economy,True,Saver (Regular),15 Kilograms,7 KG,2
2026-02-15,2026-02-15 04:33:39,2026-02-15,0,DEL,BLR,DEL-BLR,2026-02-15T23:00:00,2026-02-16T01:55:00,175,6E,Indigo,Budget,6131,321,1,1,23,True,6,2,11967,23580,15942.0,11613,11967,Economy,True,SME.CrpCon,15 Kilograms,7 KG,2
2026-02-15,2026-02-15 04:33:39,2026-02-15,0,DEL,BLR,DEL-BLR,2026-02-15T13:00:00,2026-02-15T15:55:00,175,AI,Air India,Premium,2417,32N,3,2,13,True,6,2,12055,12121,12088.0,66,12055,Economy,True,SME,15 KG,7 KG,7
2026-02-15,2026-02-15 04:33:39,2026-02-15,0,DEL,BLR,DEL-BLR,2026-02-15T20:00:00,2026-02-15T23:00:00,180,AI,Air India,Premium,2807,32N,3,2,20,True,6,2,12055,12121,12088.0,66,12055,Economy,True,SME,15 KG,7 KG,9
2026-02-15,2026-02-15 04:33:39,2026-02-15,0,DEL,BLR,DEL-BLR,2026-02-15T12:20:00,2026-02-15T15:05:00,165,SG,Spicejet,Budget,658,73H,1D,1,12,True,6,2,12233,13549,12672.333333333334,1316,12233,Economy,True,Coupon,15 KG,7 KG,1
2026-02-15,2026-02-15 04:33:39,2026-02-15,0,DEL,BLR,DEL-BLR,2026-02-15T20:00:00,2026-02-15T22:55:00,175,6E,Indigo,Budget,844,321,1,1,20,True,6,2,12689,17581,14423.5,4892,12689,Economy,True,SME.CrpCon,15 Kilograms,7 KG,3
2026-02-15,2026-02-15 04:33:39,2026-02-15,0,DEL,BLR,DEL-BLR,2026-02-15T19:00:00,2026-02-15T21:55:00,175,6E,Indigo,Budget,6832,321,1,1,19,True,6,2,13455,17581,14934.166666666666,4126,13455,Economy,True,SME.CrpCon,15 Kilograms,7 KG,2
2026-02-15,2026-02-15 04:33:39,2026-02-15,0,DEL,BLR,DEL-BLR,2026-02-15T14:15:00,2026-02-15T16:55:00,160,6E,Indigo,Budget,2581,320,,1,14,True,6,2,15004,16474,15450.25,1470,15004,Economy,True,SME.CrpCon,15 Kilograms,7 KG,3
2026-02-15,2026-02-15 04:33:39,2026-02-15,0,DEL,BLR,DEL-BLR,2026-02-15T14:15:00,2026-02-15T17:10:00,175,6E,Indigo,Budget,176,321,1,1,14,True,6,2,15137,23580,18055.333333333332,8443,15137,Economy,True,SME.CrpCon,15 Kilograms,7 KG,19
2026-02-15,2026-02-15 04:33:39,2026-02-15,0,DEL,BLR,DEL-BLR,2026-02-15T13:00:00,2026-02-15T15:55:00,175,6E,Indigo,Budget,6188,321,1,1,13,True,6,2,15137,26580,19055.333333333332,11443,15137,Economy,True,SME.CrpCon,15 Kilograms,7 KG,1
2026-02-15,2026-02-15 04:33:39,2026-02-15,0,DEL,BLR,DEL-BLR,2026-02-15T18:00:00,2026-02-15T20:55:00,175,6E,Indigo,Budget,6622,321,1,1,18,True,6,2,15137,23580,18055.333333333332,8443,15137,Economy,True,SME.CrpCon,15 Kilograms,7 KG,5
2026-02-15,2026-02-15 04:33:39,2026-02-15,0,DEL,BLR,DEL-BLR,2026-02-15T15:30:00,2026-02-15T18:30:00,180,6E,Indigo,Budget,6054,321,1,1,15,True,6,2,15137,23580,18055.333333333332,8443,15137,Economy,True,Saver (Regular),15 Kilograms,7 KG,3
2026-02-15,2026-02-15 04:33:39,2026-02-15,0,DEL,BLR,DEL-BLR,2026-02-15T16:45:00,2026-02-15T19:50:00,185,6E,Indigo,Budget,781,321,1,1,16,True,6,2,15137,23580,18055.333333333332,8443,15137,Economy,True,SME.CrpCon,15 Kilograms,7 KG,4
2026-02-15,2026-02-15 04:33:39,2026-02-15,0,DEL,BLR,DEL-BLR,2026-02-15T16:30:00,2026-02-15T19:15:00,165,AI,Air India,Premium,2817,319,3,2,16,True,6,2,18880,19288,19084.0,408,18880,Economy,True,SME,15 KG,7 KG,2
2026-02-15,2026-02-15 04:33:39,2026-02-15,0,DEL,BLR,DEL-BLR,2026-02-15T18:30:00,2026-02-15T21:20:00,170,AI,Air India,Premium,2487,32N,3,2,18,True,6,2,18880,19288,19084.0,408,18880,Economy,True,SME,15 KG,7 KG,1
2026-02-15,2026-02-15 04:33:39,2026-02-15,0,DEL,BLR,DEL-BLR,2026-02-15T15:30:00,2026-02-15T18:25:00,175,AI,Air India,Premium,2664,32N,3,2,15,True,6,2,18880,19288,19084.0,408,18880,Economy,True,SME,15 KG,7 KG,1
2026-02-15,2026-02-15 04:33:39,2026-02-15,0,DEL,BLR,DEL-BLR,2026-02-15T15:00:00,2026-02-15T17:55:00,175,AI,Air India,Premium,2819,32N,3,2,15,True,6,2,18880,19288,19084.0,408,18880,Economy,True,SME,15 KG,7 KG,3
2026-02-15,2026-02-15 04:33:39,2026-02-15,0,DEL,BLR,DEL-BLR,2026-02-15T18:00:00,2026-02-15T21:00:00,180,AI,Air India,Premium,2813,32N,3,2,18,True,6,2,18880,19288,19084.0,408,18880,Economy,True,SME,15 KG,7 KG,2
2026-02-15,2026-02-15 04:33:39,2026-02-15,0,DEL,BLR,DEL-BLR,2026-02-15T19:30:00,2026-02-15T22:25:00,175,AI,Air India,Premium,2809,32N,3,2,19,True,6,2,26910,28000,27455.0,1090,26910,PremiumEconomy,True,SME,15 KG,7 KG,2
2026-02-15,2026-02-15 04:33:39,2026-02-15,0,BOM,BLR,BOM-BLR,2026-02-15T18:25:00,2026-02-15T20:35:00,130,SG,Spicejet,Budget,669,,,,18,True,6,2,7390,7438,7414.0,48,7390,Economy,False,Inst_Series2,15KG,7KG,3
2026-02-15,2026-02-15 04:33:39,2026-02-15,0,BOM,BLR,BOM-BLR,2026-02-15T22:00:00,2026-02-15T23:50:00,110,QP,Akasa Air,Budget,1367,7MY,1,1,22,True,6,2,10792,11668,11199.0,876,10792,Economy,True,Corporate,15KG,7 KG,2
2026-02-15,2026-02-15 04:33:39,2026-02-15,0,BOM,BLR,BOM-BLR,2026-02-15T23:15:00,2026-02-16T01:10:00,115,QP,Akasa Air,Budget,1738,7WH,1,1,23,True,6,2,10792,11668,11199.0,876,10792,Economy,True,Corporate,15KG,7 KG,5
2026-02-15,2026-02-15 04:33:39,2026-02-15,0,BOM,BLR,BOM-BLR,2026-02-15T22:05:00,2026-02-15T23:55:00,110,6E,Indigo,Budget,5388,321,1,1,22,True,6,2,11603,24952,16185.166666666666,13349,11603,Economy,True,SME.CrpCon,15 Kilograms,7 KG,2
2026-02-15,2026-02-15 04:33:39,2026-02-15,0,BOM,BLR,BOM-BLR,2026-02-15T19:45:00,2026-02-15T21:35:00,110,6E,Indigo,Budget,461,320,,1,19,True,6,2,11839,13099,12232.75,1260,11839,Economy,True,Saver (Regular),15 Kilograms,7 KG,4
2026-02-15,2026-02-15 04:33:39,2026-02-15,0,BOM,BLR,BOM-BLR,2026-02-15T20:35:00,2026-02-15T22:15:00,100,AI,Air India,Premium,2401,32N,2,2,20,True,6,2,12824,13043,12933.5,219,12824,Economy,True,SME,15 KG,7 KG,3
2026-02-15,2026-02-15 04:33:39,2026-02-15,0,BOM,BLR,BOM-BLR,2026-02-15T19:45:00,2026-02-15T21:25:00,100,AI,Air India,Premium,2865,32N,2,2,19,True,6,2,12824,13043,12933.5,219,12824,Economy,True,SME,15 KG,7 KG,3
2026-02-15,2026-02-15 04:33:39,2026-02-15,0,BOM,BLR,BOM-BLR,2026-02-15T23:30:00,2026-02-16T01:20:00,110,AI,Air India,Premium,2857,32N,2,2,23,True,6,2,12824,13043,12933.5,219,12824,Economy,True,SME,15 KG,7 KG,6
2026-02-15,2026-02-15 04:33:39,2026-02-15,0,BOM,BLR,BOM-BLR,2026-02-15T17:30:00,2026-02-15T19:25:00,115,AI,Air India,Premium,2849,32N,2,2,17,True,6,2,12824,13043,12933.5,219,12824,Economy,True,SME,15 KG,7 KG,1
2026-02-15,2026-02-15 04:33:39,2026-02-15,0,BOM,BLR,BOM-BLR,2026-02-15T19:30:00,2026-02-15T21:25:00,115,6E,Indigo,Budget,5074,321,1,1,19,True,6,2,12833,24952,16766.166666666668,12119,12833,Economy,True,SME.CrpCon,15 Kilograms,7 KG,12
2026-02-15,2026-02-15 04:33:39,2026-02-15,0,BOM,BLR,BOM-BLR,2026-02-15T16:45:00,2026-02-15T18:40:00,115,6E,Indigo,Budget,5221,321,1,1,16,True,6,2,12833,24952,17216.8,12119,12833,Economy,True,Saver (Regular),15 Kilograms,7 KG,3
2026-02-15,2026-02-15 04:33:39,2026-02-15,0,BOM,BLR,BOM-BLR,2026-02-15T18:00:00,2026-02-15T20:00:00,120,6E,Indigo,Budget,5047,321,1,1,18,True,6,2,12833,24952,16766.166666666668,12119,12833,Economy,True,Saver (Regular),15 Kilograms,7 KG,14
2026-02-15,2026-02-15 04:33:39,2026-02-15,0,BOM,BLR,BOM-BLR,2026-02-15T15:15:00,2026-02-15T17:15:00,120,6E,Indigo,Budget,5294,321,1,1,15,True,6,2,12833,24952,16766.166666666668,12119,12833,Economy,True,Saver (Regular),15 Kilograms,7 KG,13
2026-02-15,2026-02-15 04:33:39,2026-02-15,0,BOM,BLR,BOM-BLR,2026-02-15T18:40:00,2026-02-15T20:30:00,110,AI,Air India,Premium,2641,32N,2,2,18,True,6,2,18221,18851,18536.0,630,18221,PremiumEconomy,True,SME,15 KG,7 KG,8
2026-02-15,2026-02-15 04:33:39,2026-02-15,0,BOM,BLR,BOM-BLR,2026-02-15T12:40:00,2026-02-15T14:40:00,120,SG,Spicejet,Budget,302,73H,1,1,12,True,6,2,19531,19531,19531.0,0,19531,Economy,True,Coupon,15 KG,7 KG,1
2026-02-15,2026-02-15 04:33:39,2026-02-15,0,DEL,HYD,DEL-HYD,2026-02-15T19:40:00,2026-02-15T22:00:00,140,SG,Spicejet,Budget,448,73H,1D,,19,True,6,2,10386,11702,10825.333333333334,1316,10386,Economy,True,Coupon,15 KG,7 KG,1
2026-02-15,2026-02-15 04:33:39,2026-02-15,0,DEL,HYD,DEL-HYD,2026-02-15T23:00:00,2026-02-16T01:10:00,130,6E,Indigo,Budget,2253,321,2,,23,True,6,2,11485,15581,12936.666666666666,4096,11485,Economy,True,SME.CrpCon,15 Kilograms,7 KG,4
2026-02-15,2026-02-15 04:33:39,2026-02-15,0,DEL,HYD,DEL-HYD,2026-02-15T20:00:00,2026-02-15T22:20:00,140,6E,Indigo,Budget,963,321,1,,20,True,6,2,11485,15581,12936.666666666666,4096,11485,Economy,True,Saver (Regular),15 Kilograms,7 KG,2
2026-02-15,2026-02-15 04:33:39,2026-02-15,0,DEL,HYD,DEL-HYD,2026-02-15T21:55:00,2026-02-16T00:10:00,135,QP,Akasa Air,Budget,1409,7YL,1,,21,True,6,2,11715,12482,12114.75,767,11715,Economy,True,Corporate,15KG,7 KG,9
2026-02-15,2026-02-15 04:33:39,2026-02-15,0,DEL,HYD,DEL-HYD,2026-02-15T14:10:00,2026-02-15T16:30:00,140,QP,Akasa Air,Budget,1406,7BH,1,,14,True,6,2,12232,12970,12610.5,738,12232,Economy,True,Corporate,15KG,7 KG,9
2026-02-15,2026-02-15 04:33:39,2026-02-15,0,DEL,HYD,DEL-HYD,2026-02-15T14:00:00,2026-02-15T16:15:00,135,6E,Indigo,Budget,247,321,1,,14,True,6,2,12955,15581,13916.666666666666,2626,12955,Economy,True,SME.CrpCon,15 Kilograms,7 KG,3
2026-02-15,2026-02-15 04:33:39,2026-02-15,0,DEL,HYD,DEL-HYD,2026-02-15T21:30:00,2026-02-15T23:45:00,135,6E,Indigo,Budget,2027,321,2,,21,True,6,2,12955,15581,13916.666666666666,2626,12955,Economy,True,SME.CrpCon,15 Kilograms,7 KG,10
2026-02-15,2026-02-15 04:33:39,2026-02-15,0,DEL,HYD,DEL-HYD,2026-02-15T12:15:00,2026-02-15T14:30:00,135,6E,Indigo,Budget,2052,321,2,,12,True,6,2,12955,15581,13916.666666666666,2626,12955,Economy,True,Saver (Regular),15 Kilograms,7 KG,1
2026-02-15,2026-02-15 04:33:39,2026-02-15,0,DEL,HYD,DEL-HYD,2026-02-15T17:00:00,2026-02-15T19:15:00,135,6E,Indigo,Budget,5234,321,3,,17,True,6,2,12955,25580,17249.833333333332,12625,12955,Economy,True,SME.CrpCon,15 Kilograms,7 KG,3
2026-02-15,2026-02-15 04:33:39,2026-02-15,0,DEL,HYD,DEL-HYD,2026-02-15T18:30:00,2026-02-15T20:50:00,140,6E,Indigo,Budget,850,321,1,,18,True,6,2,12955,15581,13916.666666666666,2626,12955,Economy,True,SME.CrpCon,15 Kilograms,7 KG,7
2026-02-15,2026-02-15 04:33:39,2026-02-15,0,DEL,HYD,DEL-HYD,2026-02-15T15:30:00,2026-02-15T17:50:00,140,6E,Indigo,Budget,6776,321,1,,15,True,6,2,12955,22580,16249.833333333334,9625,12955,Economy,True,Saver (Regular),15 Kilograms,7 KG,3
2026-02-15,2026-02-15 04:33:39,2026-02-15,0,DEL,HYD,DEL-HYD,2026-02-15T22:55:00,2026-02-16T01:15:00,140,AI,Air India,Premium,1706,32N,2,,22,True,6,2,14000,14258,14129.0,258,14000,Economy,True,SME,15 KG,7 KG,2
2026-02-15,2026-02-15 04:33:39,2026-02-15,0,DEL,HYD,DEL-HYD,2026-02-15T19:30:00,2026-02-15T21:50:00,140,AI,Air India,Premium,1708,32N,2,,19,True,6,2,14000,14258,14129.0,258,14000,Economy,True,SME,15 KG,7 KG,2
2026-02-15,2026-02-15 04:33:39,2026-02-15,0,DEL,HYD,DEL-HYD,2026-02-15T16:10:00,2026-02-15T18:30:00,140,AI,Air India,Premium,2519,32N,3,,16,True,6,2,14000,14258,14129.0,258,14000,Economy,True,SME,15 KG,7 KG,2
2026-02-15,2026-02-15 04:33:39,2026-02-15,0,DEL,HYD,DEL-HYD,2026-02-15T20:30:00,2026-02-15T23:10:00,160,AI,Air India,Premium,2871,32N,3,,20,True,6,2,14000,14258,14129.0,258,14000,Economy,True,SME,15 KG,7 KG,2
2026-02-15,2026-02-15 04:33:39,2026-02-15,0,DEL,HYD,DEL-HYD,2026-02-15T14:30:00,2026-02-15T16:50:00,140,AI,Air India,Premium,2465,32N,3,,14,True,6,2,15824,16138,15981.0,314,15824,Economy,True,SME,15 KG,7 KG,4
2026-02-15,2026-02-15 04:33:39,2026-02-15,0,DEL,HYD,DEL-HYD,2026-02-15T12:30:00,2026-02-15T14:50:00,140,AI,Air India,Premium,2899,32N,3,,12,True,6,2,15824,16138,15981.0,314,15824,Economy,True,SME,15 KG,7 KG,4
2026-02-15,2026-02-15 04:33:39,2026-02-15,0,DEL,HYD,DEL-HYD,2026-02-15T22:00:00,2026-02-16T00:25:00,145,AI,Air India,Premium,2449,32N,3,,22,True,6,2,15824,16138,15981.0,314,15824,Economy,True,SME,15 KG,7 KG,6
2026-02-15,2026-02-15 04:33:39,2026-02-15,0,DEL,HYD,DEL-HYD,2026-02-15T18:00:00,2026-02-15T20:30:00,150,AI,Air India,Premium,2879,32N,3,,18,True,6,2,15824,16138,15981.0,314,15824,Economy,True,SME,15 KG,7 KG,6
2026-02-15,2026-02-15 04:33:39,2026-02-15,0,BOM,HYD,BOM-HYD,2026-02-15T21:45:00,2026-02-15T23:25:00,100,6E,Indigo,Budget,5062,321,1,,21,True,6,2,6195,13120,8645.5,6925,6195,Economy,True,Saver (Regular),15 Kilograms,7 KG,6
2026-02-15,2026-02-15 04:33:39,2026-02-15,0,BOM,HYD,BOM-HYD,2026-02-15T21:30:00,2026-02-15T23:35:00,125,9I,Allianceair,Unknown,926,ATR-72,T1,T1,21,True,6,2,6848,13148,9998.0,6300,6848,Economy,True,SuperSaver,15KG,5 KG,7
2026-02-15,2026-02-15 04:33:39,2026-02-15,0,BOM,HYD,BOM-HYD,2026-02-15T16:55:00,2026-02-15T18:25:00,90,6E,Indigo,Budget,5228,321,1,,16,True,6,2,7035,13120,9205.5,6085,7035,Economy,True,SME.CrpCon,15 Kilograms,7 KG,9
2026-02-15,2026-02-15 04:33:39,2026-02-15,0,BOM,HYD,BOM-HYD,2026-02-15T19:25:00,2026-02-15T21:05:00,100,AI,Air India,Premium,2875,32N,2,,19,True,6,2,9101,9197,9149.0,96,9101,Economy,True,SME,15 KG,7 KG,3
2026-02-15,2026-02-15 04:33:39,2026-02-15,0,BOM,HYD,BOM-HYD,2026-02-15T19:35:00,2026-02-15T21:10:00,95,6E,Indigo,Budget,792,321,2,,19,True,6,2,9345,11025,9843.75,1680,9345,Economy,True,Saver (Regular),15 Kilograms,7 KG,8
2026-02-15,2026-02-15 04:33:39,2026-02-15,0,BOM,HYD,BOM-HYD,2026-02-15T18:10:00,2026-02-15T19:40:00,90,AI,Air India,Premium,2619,32N,2,,18,True,6,2,10675,10821,10748.0,146,10675,Economy,True,SME,15 KG,7 KG,2
2026-02-15,2026-02-15 04:33:39,2026-02-15,0,BOM,HYD,BOM-HYD,2026-02-15T21:25:00,2026-02-15T23:05:00,100,AI,Air India,Premium,2869,32N,2,,21,True,6,2,10675,10821,10748.0,146,10675,Economy,True,SME,15 KG,7 KG,3
2026-02-15,2026-02-15 04:33:39,2026-02-15,0,BOM,HYD,BOM-HYD,2026-02-15T15:30:00,2026-02-15T16:50:00,80,AI,Air India,Premium,2531,32N,2,,15,True,6,2,12824,13043,12933.5,219,12824,Economy,True,SME,15 KG,7 KG,6
2026-02-15,2026-02-15 04:33:39,2026-02-15,0,BOM,HYD,BOM-HYD,2026-02-15T12:20:00,2026-02-15T13:50:00,90,6E,Indigo,Budget,6397,321,2,,12,True,6,2,15997,17540,16768.5,1543,15997,Business,True,Stretch,30 Kilograms,12 KG,3
2026-02-15,2026-02-15 04:33:39,2026-02-15,0,DEL,MAA,DEL-MAA,2026-02-15T23:00:00,2026-02-16T01:55:00,175,6E,Indigo,Budget,2386,321,2,1,23,True,6,2,9167,17581,12058.0,8414,9167,Economy,True,SME.CrpCon,15 Kilograms,7 KG,5
2026-02-15,2026-02-15 04:33:39,2026-02-15,0,DEL,MAA,DEL-MAA,2026-02-15T21:45:00,2026-02-16T00:35:00,170,6E,Indigo,Budget,6341,321,1,1,21,True,6,2,9790,17581,12473.333333333334,7791,9790,Economy,True,SME.CrpCon,15 Kilograms,7 KG,4
2026-02-15,2026-02-15 04:33:39,2026-02-15,0,DEL,MAA,DEL-MAA,2026-02-15T16:15:00,2026-02-15T18:55:00,160,6E,Indigo,Budget,2579,320,,1,16,True,6,2,11167,12637,11613.25,1470,11167,Economy,True,Saver (Regular),15 Kilograms,7 KG,4
2026-02-15,2026-02-15 04:33:39,2026-02-15,0,DEL,MAA,DEL-MAA,2026-02-15T19:30:00,2026-02-15T22:25:00,175,6E,Indigo,Budget,2762,321,2,1,19,True,6,2,11172,23580,15394.5,12408,11172,Economy,True,Saver (Regular),15 Kilograms,7 KG,4
2026-02-15,2026-02-15 04:33:39,2026-02-15,0,DEL,MAA,DEL-MAA,2026-02-15T14:30:00,2026-02-15T17:25:00,175,6E,Indigo,Budget,6724,321,1,1,14,True,6,2,15591,17581,16340.666666666666,1990,15591,Economy,True,SME.CrpCon,15 Kilograms,7 KG,5
2026-02-15,2026-02-15 04:33:39,2026-02-15,0,DEL,MAA,DEL-MAA,2026-02-15T12:20:00,2026-02-15T15:20:00,180,6E,Indigo,Budget,434,321,1,1,12,True,6,2,15591,17581,16340.666666666666,1990,15591,Economy,True,SME.CrpCon,15 Kilograms,7 KG,2
2026-02-15,2026-02-15 04:33:39,2026-02-15,0,DEL,MAA,DEL-MAA,2026-02-15T15:45:00,2026-02-15T18:30:00,165,AI,Air India,Premium,537,788,3,4,15,True,6,2,16616,16955,16785.5,339,16616,Economy,True,SME,15 KG,7 KG,5
2026-02-15,2026-02-15 04:33:39,2026-02-15,0,DEL,MAA,DEL-MAA,2026-02-15T12:10:00,2026-02-15T15:05:00,175,AI,Air India,Premium,2483,32N,3,4,12,True,6,2,16616,16955,16785.5,339,16616,Economy,True,SME,15 KG,7 KG,1
2026-02-15,2026-02-15 04:33:39,2026-02-15,0,DEL,MAA,DEL-MAA,2026-02-15T21:30:00,2026-02-16T00:30:00,180,AI,Air India,Premium,2895,32N,3,4,21,True,6,2,16616,16955,16785.5,339,16616,Economy,True,SME,15 KG,7 KG,2
2026-02-15,2026-02-15 04:33:39,2026-02-15,0,DEL,MAA,DEL-MAA,2026-02-15T17:30:00,2026-02-15T20:25:00,175,6E,Indigo,Budget,190,321,1,1,17,True,6,2,17834,23580,19905.833333333332,5746,17834,Economy,True,Saver (Regular),15 Kilograms,7 KG,6
2026-02-15,2026-02-15 04:33:39,2026-02-15,0,DEL,MAA,DEL-MAA,2026-02-15T18:10:00,2026-02-15T21:00:00,170,AI,Air India,Premium,2837,32N,3,4,18,True,6,2,26910,28000,27455.0,1090,26910,PremiumEconomy,True,SME,15 KG,7 KG,2
2026-02-15,2026-02-15 04:33:39,2026-02-15,0,DEL,MAA,DEL-MAA,2026-02-15T19:30:00,2026-02-15T22:40:00,190,AI,Air India,Premium,2835,32N,3,4,19,True,6,2,26910,28000,27455.0,1090,26910,PremiumEconomy,True,SME,15 KG,7 KG,2
2026-02-15,2026-02-15 04:33:39,2026-02-15,0,DEL,CCU,DEL-CCU,2026-02-15T23:55:00,2026-02-16T02:00:00,125,6E,Indigo,Budget,2296,321,2,,23,True,6,2,6104,14202,8891.0,8098,6104,Economy,True,Saver (Regular),15 Kilograms,7 KG,1
2026-02-15,2026-02-15 04:33:39,2026-02-15,0,DEL,CCU,DEL-CCU,2026-02-15T22:35:00,2026-02-16T01:00:00,145,SG,Spicejet,Budget,185,73J,1D,2,22,True,6,2,6220,7536,6659.333333333333,1316,6220,Economy,True,Coupon,15 KG,7 KG,2
2026-02-15,2026-02-15 04:33:39,2026-02-15,0,DEL,CCU,DEL-CCU,2026-02-15T22:00:00,2026-02-16T00:15:00,135,AI,Air India,Premium,2727,32N,3,,22,True,6,2,6274,6314,6294.0,40,6274,Economy,True,Publish,15 KG,7 KG,4
2026-02-15,2026-02-15 04:33:39,2026-02-15,0,DEL,CCU,DEL-CCU,2026-02-15T21:00:00,2026-02-15T23:15:00,135,AI,Air India,Premium,1714,32N,2,,21,True,6,2,6823,6852,6837.5,29,6823,Economy,True,Publish,15 KG,7 KG,9
2026-02-15,2026-02-15 04:33:39,2026-02-15,0,DEL,CCU,DEL-CCU,2026-02-15T18:00:00,2026-02-15T20:15:00,135,AI,Air India,Premium,2403,32N,3,,18,True,6,2,7011,7040,7025.5,29,7011,Economy,True,Publish,15 KG,7 KG,9
2026-02-15,2026-02-15 04:33:39,2026-02-15,0,DEL,CCU,DEL-CCU,2026-02-15T19:00:00,2026-02-15T21:15:00,135,AI,Air India,Premium,2709,32N,3,,19,True,6,2,7011,7040,7025.5,29,7011,Economy,True,Publish,15 KG,7 KG,9
2026-02-15,2026-02-15 04:33:39,2026-02-15,0,DEL,CCU,DEL-CCU,2026-02-15T19:30:00,2026-02-15T21:40:00,130,6E,Indigo,Budget,2526,321,2,,19,True,6,2,7639,14202,9948.166666666666,6563,7639,Economy,True,Saver (Regular),15 Kilograms,7 KG,7
2026-02-15,2026-02-15 04:33:39,2026-02-15,0,DEL,CCU,DEL-CCU,2026-02-15T17:50:00,2026-02-15T19:55:00,125,6E,Indigo,Budget,5078,321,3,,17,True,6,2,7994,14202,10184.833333333334,6208,7994,Economy,True,Saver (Regular),15 Kilograms,7 KG,3
2026-02-15,2026-02-15 04:33:39,2026-02-15,0,DEL,CCU,DEL-CCU,2026-02-15T21:25:00,2026-02-15T23:40:00,135,6E,Indigo,Budget,6722,321,1,,21,True,6,2,7994,14202,10184.833333333334,6208,7994,Economy,True,Saver (Regular),15 Kilograms,7 KG,6
2026-02-15,2026-02-15 04:33:39,2026-02-15,0,DEL,CCU,DEL-CCU,2026-02-15T16:30:00,2026-02-15T18:40:00,130,6E,Indigo,Budget,233,321,1,,16,True,6,2,8164,20524,12405.666666666666,12360,8164,Economy,True,Saver (Regular),15 Kilograms,7 KG,2
2026-02-15,2026-02-15 04:33:39,2026-02-15,0,DEL,CCU,DEL-CCU,2026-02-15T13:15:00,2026-02-15T15:17:00,122,AI,Air India,Premium,2767,32N,3,,13,True,6,2,8621,8625,8623.0,4,8621,Economy,True,SME,15 KG,7 KG,9
2026-02-15,2026-02-15 04:33:39,2026-02-15,0,DEL,CCU,DEL-CCU,2026-02-15T15:00:00,2026-02-15T17:10:00,130,6E,Indigo,Budget,6711,321,1,,15,True,6,2,8794,20524,12825.666666666666,11730,8794,Economy,True,Saver (Regular),15 Kilograms,7 KG,5
2026-02-15,2026-02-15 04:33:39,2026-02-15,0,DEL,CCU,DEL-CCU,2026-02-15T17:00:00,2026-02-15T19:15:00,135,QP,Akasa Air,Budget,1803,7MX,1,,17,True,6,2,9319,10184,9705.5,865,9319,Economy,True,Corporate,15KG,7 KG,9
2026-02-15,2026-02-15 04:33:39,2026-02-15,0,DEL,CCU,DEL-CCU,2026-02-15T16:10:00,2026-02-15T18:25:00,135,AI,Air India,Premium,1733,32N,2,,16,True,6,2,9643,9667,9655.0,24,9643,Economy,True,SME,15 KG,7 KG,9
2026-02-15,2026-02-15 04:33:39,2026-02-15,0,DEL,CCU,DEL-CCU,2026-02-15T13:00:00,2026-02-15T15:10:00,130,6E,Indigo,Budget,380,321,1,,13,True,6,2,10311,20524,13837.0,10213,10311,Economy,True,Saver (Regular),15 Kilograms,7 KG,1
2026-02-15,2026-02-15 04:33:39,2026-02-15,0,BOM,CCU,BOM-CCU,2026-02-15T19:15:00,2026-02-15T22:10:00,175,QP,Akasa Air,Budget,1140,7AH,1,,19,True,6,2,11272,11967,11631.25,695,11272,Economy,True,Corporate,15KG,7 KG,9
2026-02-15,2026-02-15 04:33:39,2026-02-15,0,BOM,CCU,BOM-CCU,2026-02-15T17:40:00,2026-02-15T20:25:00,165,QP,Akasa Air,Budget,1559,7AH,1,,17,True,6,2,12520,13268,12919.0,748,12520,Economy,True,Corporate,15KG,7 KG,6
2026-02-15,2026-02-15 04:33:39,2026-02-15,0,BOM,CCU,BOM-CCU,2026-02-15T20:15:00,2026-02-15T22:50:00,155,6E,Indigo,Budget,696,321,2,,20,True,6,2,12829,24849,17025.666666666668,12020,12829,Economy,True,Saver (Regular),15 Kilograms,7 KG,3
2026-02-15,2026-02-15 04:33:39,2026-02-15,0,BOM,CCU,BOM-CCU,2026-02-15T17:15:00,2026-02-15T20:15:00,180,6E,Indigo,Budget,790,321,2,,17,True,6,2,12829,24849,17025.666666666668,12020,12829,Economy,True,Saver (Regular),15 Kilograms,7 KG,1
2026-02-15,2026-02-15 04:33:39,2026-02-15,0,BOM,CCU,BOM-CCU,2026-02-15T21:50:00,2026-02-16T00:35:00,165,AI,Air India,Premium,2643,32N,2,,21,True,6,2,18935,19343,19139.0,408,18935,Economy,True,SME,15 KG,7 KG,4
2026-02-15,2026-02-15 04:33:39,2026-02-15,0,BOM,CCU,BOM-CCU,2026-02-15T14:05:00,2026-02-15T16:50:00,165,AI,Air India,Premium,2773,32N,2,,14,True,6,2,18935,19343,19139.0,408,18935,Economy,True,SME,15 KG,7 KG,2
2026-02-15,2026-02-15 04:33:39,2026-02-15,0,BOM,CCU,BOM-CCU,2026-02-15T19:20:00,2026-02-15T22:10:00,170,AI,Air India,Premium,2411,32N,2,,19,True,6,2,18935,19343,19139.0,408,18935,Economy,True,SME,15 KG,7 KG,7
2026-02-15,2026-02-15 04:33:39,2026-02-15,0,BOM,CCU,BOM-CCU,2026-02-15T16:55:00,2026-02-15T19:55:00,180,AI,Air India,Premium,2481,32N,2,,16,True,6,2,18935,19343,19139.0,408,18935,Economy,True,SME,15 KG,7 KG,7
2026-02-15,2026-02-15 04:33:39,2026-02-15,0,BOM,CCU,BOM-CCU,2026-02-15T13:20:00,2026-02-15T15:45:00,145,6E,Indigo,Budget,5089,321,1,,13,True,6,2,23154,24849,24001.5,1695,23154,Business,True,Stretch,30 Kilograms,12 KG,2
2026-02-15,2026-02-15 04:33:39,2026-02-15,0,BOM,CCU,BOM-CCU,2026-02-15T15:00:00,2026-02-15T17:40:00,160,6E,Indigo,Budget,5059,321,1,,15,True,6,2,23154,24849,24001.5,1695,23154,Business,True,Stretch,30 Kilograms,12 KG,4
2026-02-15,2026-02-15 04:33:39,2026-02-15,0,DEL,PNQ,DEL-PNQ,2026-02-15T16:45:00,2026-02-15T18:55:00,130,SG,Spicejet,Budget,938,7M8,1D,,16,True,6,2,8924,11112,9944.666666666666,2188,8924,Economy,True,Coupon,15 KG,7 KG,12
2026-02-15,2026-02-15 04:33:39,2026-02-15,0,DEL,PNQ,DEL-PNQ,2026-02-15T18:10:00,2026-02-15T20:20:00,130,QP,Akasa Air,Budget,1809,7MB,1,1,18,True,6,2,10061,10710,10385.25,649,10061,Economy,True,Corporate,15KG,7 KG,9
2026-02-15,2026-02-15 04:33:39,2026-02-15,0,DEL,PNQ,DEL-PNQ,2026-02-15T23:45:00,2026-02-16T02:00:00,135,6E,Indigo,Budget,6410,321,1,,23,True,6,2,10438,12118,11015.5,1680,10438,Economy,True,Saver (Regular),15 Kilograms,7 KG,5
2026-02-15,2026-02-15 04:33:39,2026-02-15,0,DEL,PNQ,DEL-PNQ,2026-02-15T15:00:00,2026-02-15T17:15:00,135,QP,Akasa Air,Budget,1608,7MA,1,1,15,True,6,2,12493,13242,12892.25,749,12493,Economy,True,Corporate,15KG,7 KG,2
2026-02-15,2026-02-15 04:33:39,2026-02-15,0,DEL,PNQ,DEL-PNQ,2026-02-15T21:05:00,2026-02-15T23:15:00,130,6E,Indigo,Budget,6924,321,1,,21,True,6,2,12534,14214,13137.75,1680,12534,Economy,True,Saver (Regular),15 Kilograms,7 KG,6
2026-02-15,2026-02-15 04:33:39,2026-02-15,0,DEL,PNQ,DEL-PNQ,2026-02-15T18:30:00,2026-02-15T20:40:00,130,6E,Indigo,Budget,2608,321,2,,18,True,6,2,13327,15007,13930.75,1680,13327,Economy,True,Saver (Regular),15 Kilograms,7 KG,3
2026-02-15,2026-02-15 04:33:39,2026-02-15,0,DEL,PNQ,DEL-PNQ,2026-02-15T20:25:00,2026-02-15T22:40:00,135,6E,Indigo,Budget,933,321,1,,20,True,6,2,13327,15007,13930.75,1680,13327,Economy,True,SME.CrpCon,15 Kilograms,7 KG,1
2026-02-15,2026-02-15 04:33:39,2026-02-15,0,DEL,PNQ,DEL-PNQ,2026-02-15T19:20:00,2026-02-15T21:30:00,130,AI,Air India,Premium,1730,32N,2,,19,True,6,2,14477,14750,14613.5,273,14477,Economy,True,SME,15 KG,7 KG,4
2026-02-15,2026-02-15 04:33:39,2026-02-15,0,DEL,PNQ,DEL-PNQ,2026-02-15T20:50:00,2026-02-15T23:05:00,135,AI,Air India,Premium,2973,32N,3,,20,True,6,2,14477,14750,14613.5,273,14477,Economy,True,SME,15 KG,7 KG,6
2026-02-15,2026-02-15 04:33:39,2026-02-15,0,DEL,PNQ,DEL-PNQ,2026-02-15T16:00:00,2026-02-15T18:10:00,130,AI,Air India,Premium,2971,32N,3,,16,True,6,2,15824,16138,15981.0,314,15824,Economy,True,SME,15 KG,7 KG,9
2026-02-15,2026-02-15 04:33:39,2026-02-15,0,DEL,PNQ,DEL-PNQ,2026-02-15T23:50:00,2026-02-16T02:05:00,135,AI,Air India,Premium,2609,32N,3,,23,True,6,2,15824,16138,15981.0,314,15824,Economy,True,SME,15 KG,7 KG,1
2026-02-15,2026-02-15 04:33:39,2026-02-15,0,DEL,PNQ,DEL-PNQ,2026-02-15T17:40:00,2026-02-15T20:00:00,140,AI,Air India,Premium,1740,319,2,,17,True,6,2,15824,16138,15981.0,314,15824,Economy,True,SME,15 KG,7 KG,6
2026-02-15,2026-02-15 04:33:39,2026-02-15,0,DEL,PNQ,DEL-PNQ,2026-02-15T13:30:00,2026-02-15T15:40:00,130,6E,Indigo,Budget,6857,321,1,,13,True,6,2,16033,17713,16663.0,1680,16033,Economy,True,Saver (Regular),15 Kilograms,7 KG,3
2026-02-15,2026-02-15 04:33:39,2026-02-15,0,DEL,PNQ,DEL-PNQ,2026-02-15T22:15:00,2026-02-16T00:45:00,150,IX,Air India Express,Premium,1257,32Y,1,,22,True,6,2,16320,17370,16687.5,1050,16320,Economy,True,Corporate Value,15KG,7 KG,7
2026-02-15,2026-02-15 04:33:39,2026-02-15,0,DEL,PNQ,DEL-PNQ,2026-02-15T13:05:00,2026-02-15T15:15:00,130,AI,Air India,Premium,1735,32N,2,,13,True,6,2,22538,23398,22968.0,860,22538,PremiumEconomy,True,SME,15 KG,7 KG,3
2026-02-15,2026-02-15 04:33:39,2026-02-15,0,BLR,PNQ,BLR-PNQ,2026-02-15T21:50:00,2026-02-15T23:20:00,90,IX,Air India Express,Premium,2680,7M8,2,,21,True,6,2,4664,5608,4978.5,944,4664,Economy,True,Value,15KG,7 Kg,4
2026-02-15,2026-02-15 04:33:39,2026-02-15,0,BLR,PNQ,BLR-PNQ,2026-02-15T20:45:00,2026-02-15T22:30:00,105,QP,Akasa Air,Budget,1437,7YL,1,1,20,True,6,2,8082,8635,8334.25,553,8082,Economy,True,Corporate,15KG,7 KG,9
2026-02-15,2026-02-15 04:33:39,2026-02-15,0,BLR,PNQ,BLR-PNQ,2026-02-15T12:45:00,2026-02-15T14:15:00,90,IX,Air India Express,Premium,1971,738,2,,12,True,6,2,10438,11384,10753.5,946,10438,Economy,True,Value,15KG,7 Kg,2
2026-02-15,2026-02-15 04:33:39,2026-02-15,0,BLR,PNQ,BLR-PNQ,2026-02-15T22:35:00,2026-02-16T00:05:00,90,6E,Indigo,Budget,116,320,1,,22,True,6,2,10440,12120,11253.75,1680,10440,Economy,True,Saver (Regular),15 Kilograms,7 KG,4
2026-02-15,2026-02-15 04:33:39,2026-02-15,0,BLR,PNQ,BLR-PNQ,2026-02-15T12:15:00,2026-02-15T13:50:00,95,6E,Indigo,Budget,6104,321,1,,12,True,6,2,10440,12120,11253.75,1680,10440,Economy,True,Saver (Regular),15 Kilograms,7 KG,7
2026-02-15,2026-02-15 04:33:39,2026-02-15,0,BLR,PNQ,BLR-PNQ,2026-02-15T20:50:00,2026-02-15T22:15:00,85,6E,Indigo,Budget,441,321,1,,20,True,6,2,11805,13485,12618.75,1680,11805,Economy,True,Saver (Regular),15 Kilograms,7 KG,4
2026-02-15,2026-02-15 04:33:39,2026-02-15,0,BLR,PNQ,BLR-PNQ,2026-02-15T14:40:00,2026-02-15T16:30:00,110,QP,Akasa Air,Budget,1364,7WH,1,1,14,True,6,2,12929,13466,13223.75,537,12929,Economy,True,Corporate,15KG,7 KG,9
2026-02-15,2026-02-15 04:33:39,2026-02-15,0,BLR,PNQ,BLR-PNQ,2026-02-15T17:15:00,2026-02-15T18:50:00,95,6E,Indigo,Budget,528,320,1,,17,True,6,2,13380,14220,13905.0,840,13380,Economy,True,Saver (Regular),15 Kilograms,7 KG,1
2026-02-15,2026-02-15 04:33:39,2026-02-15,0,BOM,AMD,BOM-AMD,2026-02-15T23:00:00,2026-02-16T00:20:00,80,6E,Indigo,Budget,5189,320,1,1,23,True,6,2,7559,9239,8294.0,1680,7559,Economy,True,Saver (Regular),15 Kilograms,7 KG,4
2026-02-15,2026-02-15 04:33:39,2026-02-15,0,BOM,AMD,BOM-AMD,2026-02-15T23:15:00,2026-02-16T00:40:00,85,QP,Akasa Air,Budget,1528,7MA,1,1,23,True,6,2,7797,8398,8073.25,601,7797,Economy,True,Corporate,15KG,7 KG,8
2026-02-15,2026-02-15 04:33:39,2026-02-15,0,BOM,AMD,BOM-AMD,2026-02-15T20:55:00,2026-02-15T22:10:00,75,6E,Indigo,Budget,5268,320,1,1,20,True,6,2,8031,9711,8792.25,1680,8031,Economy,True,Saver (Regular),15 Kilograms,7 KG,7
2026-02-15,2026-02-15 04:33:39,2026-02-15,0,BOM,AMD,BOM-AMD,2026-02-15T16:05:00,2026-02-15T17:10:00,65,6E,Indigo,Budget,802,320,2,1,16,True,6,2,8213,9893,9079.25,1680,8213,Economy,True,Saver (Regular),15 Kilograms,7 KG,9
2026-02-15,2026-02-15 04:33:39,2026-02-15,0,BOM,AMD,BOM-AMD,2026-02-15T14:35:00,2026-02-15T15:40:00,65,6E,Indigo,Budget,6201,321,2,1,14,True,6,2,8213,9893,9079.25,1680,8213,Economy,True,Saver (Regular),15 Kilograms,7 KG,34
2026-02-15,2026-02-15 04:33:39,2026-02-15,0,BOM,AMD,BOM-AMD,2026-02-15T18:45:00,2026-02-15T19:55:00,70,6E,Indigo,Budget,683,320,2,1,18,True,6,2,8213,9893,9079.25,1680,8213,Economy,True,Saver (Regular),15 Kilograms,7 KG,14
2026-02-15,2026-02-15 04:33:39,2026-02-15,0,BOM,AMD,BOM-AMD,2026-02-15T12:55:00,2026-02-15T14:15:00,80,AI,Air India,Premium,2503,321,2,1,12,True,6,2,8241,8318,8279.5,77,8241,Economy,True,SME,15 KG,7 KG,1
2026-02-15,2026-02-15 04:33:39,2026-02-15,0,BOM,AMD,BOM-AMD,2026-02-15T22:10:00,2026-02-15T23:40:00,90,AI,Air India,Premium,2919,32N,2,1,22,True,6,2,8241,8318,8279.5,77,8241,Economy,True,SME,15 KG,7 KG,5
2026-02-15,2026-02-15 04:33:39,2026-02-15,0,BOM,AMD,BOM-AMD,2026-02-15T18:05:00,2026-02-15T19:10:00,65,AI,Air India,Premium,2493,321,2,1,18,True,6,2,16550,17730,17140.0,1180,16550,Business,True,Publish,30 KG,10 KG,3
2026-02-15,2026-02-15 04:33:39,2026-02-15,0,DEL,AMD,DEL-AMD,2026-02-15T22:20:00,2026-02-16T00:05:00,105,SG,Spicejet,Budget,193,,,,22,True,6,2,5513,7595,6224.2,2082,5513,Economy,False,Inst_Series2,15KG,7KG,7
2026-02-15,2026-02-15 04:33:39,2026-02-15,0,DEL,AMD,DEL-AMD,2026-02-15T19:10:00,2026-02-15T20:55:00,105,AI,Air India,Premium,531,321,3,1,19,True,6,2,7327,7353,7340.0,26,7327,Economy,True,Publish,15 KG,7 KG,1
2026-02-15,2026-02-15 04:33:39,2026-02-15,0,DEL,AMD,DEL-AMD,2026-02-15T22:10:00,2026-02-16T00:05:00,115,6E,Indigo,Budget,6792,320,1,1,22,True,6,2,8106,9786,8788.5,1680,8106,Economy,True,Saver (Regular),15 Kilograms,7 KG,1
2026-02-15,2026-02-15 04:33:39,2026-02-15,0,DEL,AMD,DEL-AMD,2026-02-15T22:30:00,2026-02-16T00:20:00,110,AI,Air India,Premium,2909,32N,3,1,22,True,6,2,8775,8871,8823.0,96,8775,Economy,True,SME,15 KG,7 KG,1
2026-02-15,2026-02-15 04:33:39,2026-02-15,0,DEL,AMD,DEL-AMD,2026-02-15T13:45:00,2026-02-15T15:25:00,100,6E,Indigo,Budget,2568,320,,1,13,True,6,2,8969,10544,9664.75,1575,8969,Economy,True,Saver (Regular),15 Kilograms,7 KG,3
2026-02-15,2026-02-15 04:33:39,2026-02-15,0,DEL,AMD,DEL-AMD,2026-02-15T20:30:00,2026-02-15T22:20:00,110,AI,Air India,Premium,2545,32N,3,1,20,True,6,2,9185,9286,9235.5,101,9185,Economy,True,SME,15 KG,7 KG,2
2026-02-15,2026-02-15 04:33:39,2026-02-15,0,DEL,AMD,DEL-AMD,2026-02-15T17:20:00,2026-02-15T19:15:00,115,AI,Air India,Premium,809,321,3,1,17,True,6,2,9185,9286,9235.5,101,9185,Economy,True,SME,15 KG,7 KG,2
2026-02-15,2026-02-15 04:33:39,2026-02-15,0,DEL,AMD,DEL-AMD,2026-02-15T16:40:00,2026-02-15T18:20:00,100,AI,Air India,Premium,2939,321,3,1,16,True,6,2,9928,10060,9994.0,132,9928,Economy,True,SME,15 KG,7 KG,1
2026-02-15,2026-02-15 04:33:39,2026-02-15,0,DEL,AMD,DEL-AMD,2026-02-15T19:55:00,2026-02-15T21:40:00,105,6E,Indigo,Budget,6732,320,1,1,19,True,6,2,10521,12201,11229.75,1680,10521,Economy,True,Saver (Regular),15 Kilograms,7 KG,1
2026-02-15,2026-02-15 04:33:39,2026-02-15,0,DEL,AMD,DEL-AMD,2026-02-15T18:50:00,2026-02-15T20:35:00,105,6E,Indigo,Budget,5317,321,3,1,18,True,6,2,10521,12201,11229.75,1680,10521,Economy,True,Saver (Regular),15 Kilograms,7 KG,2
2026-02-15,2026-02-15 04:33:39,2026-02-15,0,DEL,AMD,DEL-AMD,2026-02-15T15:15:00,2026-02-15T17:05:00,110,6E,Indigo,Budget,5186,320,3,1,15,True,6,2,11308,12988,12043.0,1680,11308,Economy,True,Saver (Regular),15 Kilograms,7 KG,4
2026-02-15,2026-02-15 04:33:39,2026-02-15,0,DEL,AMD,DEL-AMD,2026-02-15T13:35:00,2026-02-15T15:20:00,105,AI,Air India,Premium,881,321,3,1,13,True,6,2,29062,29649,29355.5,587,29062,Business,True,Publish,30 KG,10 KG,1
2026-02-15,2026-02-15 04:33:39,2026-02-15,0,BOM,GOI,BOM-GOI,2026-02-15T23:45:00,2026-02-16T00:50:00,65,6E,Indigo,Budget,5197,320,1,,23,True,6,2,4018,5698,4648.0,1680,4018,Economy,True,Saver (Regular),15 Kilograms,7 KG,3
2026-02-15,2026-02-15 04:33:39,2026-02-15,0,BOM,GOI,BOM-GOI,2026-02-15T22:15:00,2026-02-15T23:25:00,70,6E,Indigo,Budget,5028,320,1,,22,True,6,2,4223,5903,4879.25,1680,4223,Economy,True,Saver (Regular),15 Kilograms,7 KG,7
2026-02-15,2026-02-15 04:33:39,2026-02-15,0,BOM,GOI,BOM-GOI,2026-02-15T16:05:00,2026-02-15T17:20:00,75,SG,Spicejet,Budget,1082,DH4,1,,16,True,6,2,4292,6089,4947.333333333333,1797,4292,Economy,True,Coupon,15 KG,7 KG,3
2026-02-15,2026-02-15 04:33:39,2026-02-15,0,BOM,GOI,BOM-GOI,2026-02-15T21:05:00,2026-02-15T22:10:00,65,6E,Indigo,Budget,660,321,2,,21,True,6,2,4433,6113,5089.25,1680,4433,Economy,True,Saver (Regular),15 Kilograms,7 KG,5
2026-02-15,2026-02-15 04:33:39,2026-02-15,0,BOM,GOI,BOM-GOI,2026-02-15T18:25:00,2026-02-15T19:45:00,80,QP,Akasa Air,Budget,1301,7BH,1,,18,True,6,2,4528,5026,4713.75,498,4528,Economy,True,Corporate,15KG,7 KG,8
2026-02-15,2026-02-15 04:33:39,2026-02-15,0,BOM,GOI,BOM-GOI,2026-02-15T21:20:00,2026-02-15T22:35:00,75,IX,Air India Express,Premium,1163,7M8,2,,21,True,6,2,5623,9120,6759.75,3497,5623,Economy,True,Value,15KG,7 Kg,3
2026-02-15,2026-02-15 04:33:39,2026-02-15,0,BOM,GOI,BOM-GOI,2026-02-15T14:15:00,2026-02-15T15:25:00,70,6E,Indigo,Budget,6228,321,2,,14,True,6,2,6008,6953,6428.0,945,6008,Economy,True,Saver (Regular),15 Kilograms,7 KG,7
2026-02-15,2026-02-15 04:33:39,2026-02-15,0,BOM,GOI,BOM-GOI,2026-02-15T19:20:00,2026-02-15T20:25:00,65,6E,Indigo,Budget,5068,320,1,,19,True,6,2,6223,7903,6958.0,1680,6223,Economy,True,Saver (Regular),15 Kilograms,7 KG,4
2026-02-15,2026-02-15 04:33:39,2026-02-15,0,BOM,GOI,BOM-GOI,2026-02-15T17:50:00,2026-02-15T18:55:00,65,IX,Air India Express,Premium,1242,7M8,2,,17,True,6,2,6254,9174,7048.0,2920,6254,Economy,True,Value,15KG,7 Kg,3
2026-02-15,2026-02-15 04:33:39,2026-02-15,0,BOM,GOI,BOM-GOI,2026-02-15T16:00:00,2026-02-15T17:05:00,65,6E,Indigo,Budget,2054,320,,,16,True,6,2,6608,9453,8138.0,2845,6608,Economy,True,Saver (Regular),15 Kilograms,7 KG,12
2026-02-15,2026-02-15 04:33:39,2026-02-15,0,BOM,GOI,BOM-GOI,2026-02-15T13:25:00,2026-02-15T14:40:00,75,QP,Akasa Air,Budget,1380,7BH,1,,13,True,6,2,7860,8498,8150.25,638,7860,Economy,True,Corporate,15KG,7 KG,9
2026-02-15,2026-02-15 04:33:39,2026-02-15,0,BOM,GOI,BOM-GOI,2026-02-15T12:45:00,2026-02-15T13:45:00,60,6E,Indigo,Budget,646,320,,,12,True,6,2,7901,10083,8986.25,2182,7901,Economy,True,Saver (Regular),15 Kilograms,7 KG,5
2026-02-15,2026-02-15 04:33:39,2026-02-15,0,BOM,GOI,BOM-GOI,2026-02-15T13:05:00,2026-02-15T14:20:00,75,AI,Air India,Premium,2477,32N,2,,13,True,6,2,8241,8318,8279.5,77,8241,Economy,True,SME,15 KG,7 KG,7
2026-02-15,2026-02-15 04:33:39,2026-02-15,0,BOM,GOI,BOM-GOI,2026-02-15T15:30:00,2026-02-15T16:50:00,80,AI,Air India,Premium,2745,319,2,,15,True,6,2,8241,8318,8279.5,77,8241,Economy,True,SME,15 KG,7 KG,2
2026-02-15,2026-02-15 04:33:39,2026-02-15,0,BOM,GOI,BOM-GOI,2026-02-15T19:30:00,2026-02-15T20:50:00,80,AI,Air India,Premium,2505,32N,2,,19,True,6,2,8241,8318,8279.5,77,8241,Economy,True,SME,15 KG,7 KG,4
2026-02-15,2026-02-15 04:33:39,2026-02-15,0,BLR,GOI,BLR-GOI,2026-02-15T20:40:00,2026-02-15T22:00:00,80,6E,Indigo,Budget,6307,321,1,,20,True,6,2,3106,4522,3590.5,1416,3106,Economy,True,Saver (Regular),15 Kilograms,7 KG,11
2026-02-15,2026-02-15 04:33:39,2026-02-15,0,BLR,GOI,BLR-GOI,2026-02-15T18:15:00,2026-02-15T19:30:00,75,6E,Indigo,Budget,309,321,1,,18,True,6,2,3615,5190,4218.75,1575,3615,Economy,True,Saver (Regular),15 Kilograms,7 KG,10
2026-02-15,2026-02-15 04:33:39,2026-02-15,0,BLR,GOI,BLR-GOI,2026-02-15T16:20:00,2026-02-15T17:40:00,80,6E,Indigo,Budget,6442,321,1,,16,True,6,2,3825,5400,4428.75,1575,3825,Economy,True,Saver (Regular),15 Kilograms,7 KG,6
2026-02-15,2026-02-15 04:33:39,2026-02-15,0,BLR,GOI,BLR-GOI,2026-02-15T20:20:00,2026-02-15T21:35:00,75,IX,Air India Express,Premium,1605,320,2,,20,True,6,2,4138,4978,4400.5,840,4138,Economy,True,Value,15KG,7 Kg,1
2026-02-15,2026-02-15 04:33:39,2026-02-15,0,BLR,GOI,BLR-GOI,2026-02-15T19:15:00,2026-02-15T20:40:00,85,IX,Air India Express,Premium,2897,7M8,2,,19,True,6,2,4138,9104,5341.2,4966,4138,Economy,True,Corporate Value,15KG,7 KG,4
2026-02-15,2026-02-15 04:33:39,2026-02-15,0,BLR,GOI,BLR-GOI,2026-02-15T18:20:00,2026-02-15T19:55:00,95,9I,Allianceair,Unknown,547,ATR,T2,T1,18,True,6,2,4140,4140,4140.0,0,4140,Economy,True,SuperSaver,15KG,5 KG,2
2026-02-15,2026-02-15 04:33:39,2026-02-15,0,BLR,GOI,BLR-GOI,2026-02-15T15:30:00,2026-02-15T16:50:00,80,6E,Indigo,Budget,6755,321,1,,15,True,6,2,4560,6135,5163.75,1575,4560,Economy,True,Saver (Regular),15 Kilograms,7 KG,3
2026-02-15,2026-02-15 04:33:39,2026-02-15,0,BLR,GOI,BLR-GOI,2026-02-15T13:10:00,2026-02-15T14:35:00,85,6E,Indigo,Budget,6653,321,1,,13,True,6,2,5138,6713,5820.5,1575,5138,Economy,True,Saver (Regular),15 Kilograms,7 KG,4
2026-02-15,2026-02-15 04:33:39,2026-02-15,0,BLR,GOI,BLR-GOI,2026-02-15T19:35:00,2026-02-15T20:50:00,75,6E,Indigo,Budget,977,320,1,,19,True,6,2,5399,6659,5871.5,1260,5399,Economy,True,Flexi,15 Kilograms,7 KG,8
2026-02-15,2026-02-15 04:33:39,2026-02-15,0,BLR,COK,BLR-COK,2026-02-15T13:55:00,2026-02-15T15:10:00,75,IX,Air India Express,Premium,2608,320,2,1,13,True,6,2,5555,7131,6159.0,1576,5555,Economy,True,Value,15KG,7 Kg,5
2026-02-15,2026-02-15 04:33:39,2026-02-15,0,BLR,COK,BLR-COK,2026-02-15T15:15:00,2026-02-15T16:35:00,80,IX,Air India Express,Premium,1601,738,2,1,15,True,6,2,5555,7131,6159.0,1576,5555,Economy,True,Value,15KG,7 Kg,9
2026-02-15,2026-02-15 04:33:39,2026-02-15,0,BLR,COK,BLR-COK,2026-02-15T20:55:00,2026-02-15T22:15:00,80,IX,Air India Express,Premium,1240,7M8,2,1,20,True,6,2,7561,9135,8209.0,1574,7561,Economy,True,Value,15KG,7 Kg,9
2026-02-15,2026-02-15 04:33:39,2026-02-15,0,BLR,COK,BLR-COK,2026-02-15T21:50:00,2026-02-15T22:55:00,65,6E,Indigo,Budget,6919,321,1,1,21,True,6,2,8264,9944,8918.25,1680,8264,Economy,True,Saver (Regular),15 Kilograms,7 KG,2
2026-02-15,2026-02-15 04:33:39,2026-02-15,0,BLR,COK,BLR-COK,2026-02-15T15:30:00,2026-02-15T16:45:00,75,6E,Indigo,Budget,498,320,1,1,15,True,6,2,8264,9944,8918.25,1680,8264,Economy,True,Saver (Regular),15 Kilograms,7 KG,3
2026-02-15,2026-02-15 04:33:39,2026-02-15,0,BLR,COK,BLR-COK,2026-02-15T18:45:00,2026-02-15T19:50:00,65,6E,Indigo,Budget,144,321,1,1,18,True,6,2,8760,10440,9272.0,1680,8760,Economy,True,SME.CrpCon,15 Kilograms,7 KG,20
2026-02-15,2026-02-15 04:33:39,2026-02-15,0,BLR,COK,BLR-COK,2026-02-15T13:05:00,2026-02-15T14:15:00,70,6E,Indigo,Budget,703,321,1,1,13,True,6,2,8760,9128,8882.666666666666,368,8760,Economy,True,SME.CrpCon,15 Kilograms,7 KG,9
2026-02-15,2026-02-15 04:33:39,2026-02-15,0,DEL,JAI,DEL-JAI,2026-02-15T12:35:00,2026-02-15T13:25:00,50,6E,Indigo,Budget,2572,320,2,2,12,True,6,2,7761,9546,8548.5,1785,7761,Economy,True,Saver (Regular),15 Kilograms,7 KG,2
2026-02-15,2026-02-15 04:33:39,2026-02-15,0,DEL,JAI,DEL-JAI,2026-02-15T16:00:00,2026-02-15T16:55:00,55,6E,Indigo,Budget,170,321,1,2,16,True,6,2,8076,9861,8889.75,1785,8076,Economy,True,Saver (Regular),15 Kilograms,7 KG,11
2026-02-15,2026-02-15 04:33:39,2026-02-15,0,DEL,JAI,DEL-JAI,2026-02-15T15:25:00,2026-02-15T16:25:00,60,AI,Air India,Premium,2761,32N,3,2,15,True,6,2,8629,8706,8667.5,77,8629,Economy,True,SME,15 KG,7 KG,5
2026-02-15,2026-02-15 04:33:39,2026-02-15,0,DEL,LKO,DEL-LKO,2026-02-15T22:45:00,2026-02-15T23:55:00,70,IX,Air India Express,Premium,1040,320,1,3,22,True,6,2,4749,5589,5011.5,840,4749,Economy,True,Corporate Value,15KG,7 KG,9
2026-02-15,2026-02-15 04:33:39,2026-02-15,0,DEL,LKO,DEL-LKO,2026-02-15T21:50:00,2026-02-15T23:05:00,75,6E,Indigo,Budget,6488,738,1,3,21,True,6,2,5323,7108,6005.5,1785,5323,Economy,True,Saver (Regular),15 Kilograms,7 KG,2
2026-02-15,2026-02-15 04:33:39,2026-02-15,0,DEL,LKO,DEL-LKO,2026-02-15T18:35:00,2026-02-15T19:40:00,65,6E,Indigo,Budget,2448,321,2,3,18,True,6,2,5848,7633,6556.75,1785,5848,Economy,True,Saver (Regular),15 Kilograms,7 KG,3
2026-02-15,2026-02-15 04:33:39,2026-02-15,0,DEL,LKO,DEL-LKO,2026-02-15T17:30:00,2026-02-15T18:40:00,70,6E,Indigo,Budget,6614,320,1,3,17,True,6,2,5848,7633,6556.75,1785,5848,Economy,True,Saver (Regular),15 Kilograms,7 KG,5
2026-02-15,2026-02-15 04:33:39,2026-02-15,0,DEL,LKO,DEL-LKO,2026-02-15T16:35:00,2026-02-15T17:45:00,70,6E,Indigo,Budget,780,321,1,3,16,True,6,2,6478,8263,7186.75,1785,6478,Economy,True,Saver (Regular),15 Kilograms,7 KG,7
2026-02-15,2026-02-15 04:33:39,2026-02-15,0,DEL,LKO,DEL-LKO,2026-02-15T19:10:00,2026-02-15T20:20:00,70,6E,Indigo,Budget,6018,320,1,3,19,True,6,2,6898,8683,7633.0,1785,6898,Economy,True,Saver (Regular),15 Kilograms,7 KG,6
2026-02-15,2026-02-15 04:33:39,2026-02-15,0,DEL,LKO,DEL-LKO,2026-02-15T13:15:00,2026-02-15T14:35:00,80,6E,Indigo,Budget,2172,320,2,3,13,True,6,2,7003,7843,7388.0,840,7003,Economy,True,Saver (Regular),15 Kilograms,7 KG,2
2026-02-15,2026-02-15 04:33:39,2026-02-15,0,DEL,LKO,DEL-LKO,2026-02-15T14:20:00,2026-02-15T15:30:00,70,6E,Indigo,Budget,5106,320,3,3,14,True,6,2,7528,9313,8263.0,1785,7528,Economy,True,Saver (Regular),15 Kilograms,7 KG,1
2026-02-15,2026-02-15 04:33:39,2026-02-15,0,DEL,LKO,DEL-LKO,2026-02-15T19:00:00,2026-02-15T20:10:00,70,AI,Air India,Premium,1710,32N,2,3,19,True,6,2,8186,8186,8186.0,0,8186,Economy,True,SME,15 KG,7 KG,3
2026-02-15,2026-02-15 04:33:39,2026-02-15,0,DEL,LKO,DEL-LKO,2026-02-15T13:30:00,2026-02-15T14:40:00,70,AI,Air India,Premium,1717,32N,2,3,13,True,6,2,8186,8186,8186.0,0,8186,Economy,True,SME,15 KG,7 KG,4
2026-02-15,2026-02-15 04:33:39,2026-02-15,0,DEL,LKO,DEL-LKO,2026-02-15T20:30:00,2026-02-15T21:40:00,70,AI,Air India,Premium,1720,32N,2,3,20,True,6,2,8186,8186,8186.0,0,8186,Economy,True,SME,15 KG,7 KG,7
2026-02-15,2026-02-15 04:33:39,2026-02-15,0,DEL,PAT,DEL-PAT,2026-02-15T18:50:00,2026-02-15T20:45:00,115,IX,Air India Express,Premium,1195,7M8,1,,18,True,6,2,9092,10038,9577.75,946,9092,Economy,True,Value,15KG,7 Kg,6
2026-02-15,2026-02-15 04:33:39,2026-02-15,0,DEL,PAT,DEL-PAT,2026-02-15T16:50:00,2026-02-15T18:20:00,90,SG,Spicejet,Budget,176,73G,1D,1,16,True,6,2,9512,10826,9950.666666666666,1314,9512,Economy,True,Coupon,15 KG,7 KG,1
2026-02-15,2026-02-15 04:33:39,2026-02-15,0,DEL,PAT,DEL-PAT,2026-02-15T19:10:00,2026-02-15T20:45:00,95,6E,Indigo,Budget,5008,320,3,,19,True,6,2,10363,12148,10907.75,1785,10363,Economy,True,Saver (Regular),15 Kilograms,7 KG,5
2026-02-15,2026-02-15 04:33:39,2026-02-15,0,DEL,PAT,DEL-PAT,2026-02-15T21:00:00,2026-02-15T22:35:00,95,6E,Indigo,Budget,6549,320,1,,21,True,6,2,10363,12148,10907.75,1785,10363,Economy,True,SME.CrpCon,15 Kilograms,7 KG,4
2026-02-15,2026-02-15 04:33:39,2026-02-15,0,DEL,PAT,DEL-PAT,2026-02-15T15:45:00,2026-02-15T17:05:00,80,6E,Indigo,Budget,2524,320,,,15,True,6,2,11122,12592,11660.0,1470,11122,Economy,True,Saver (Regular),15 Kilograms,7 KG,1
2026-02-15,2026-02-15 04:33:39,2026-02-15,0,DEL,PAT,DEL-PAT,2026-02-15T18:05:00,2026-02-15T19:35:00,90,6E,Indigo,Budget,6643,320,1,,18,True,6,2,11623,13408,12167.75,1785,11623,Economy,True,SME.CrpCon,15 Kilograms,7 KG,1
2026-02-15,2026-02-15 04:33:39,2026-02-15,0,DEL,PAT,DEL-PAT,2026-02-15T16:55:00,2026-02-15T18:30:00,95,AI,Air India,Premium,1746,32N,2,,16,True,6,2,12769,12988,12878.5,219,12769,Economy,True,SME,15 KG,7 KG,3
2026-02-15,2026-02-15 04:33:39,2026-02-15,0,DEL,PAT,DEL-PAT,2026-02-15T13:00:00,2026-02-15T14:40:00,100,AI,Air India,Premium,2645,32N,3,,13,True,6,2,41876,42868,42372.0,992,41876,Business,True,SME,30 KG,10 KG,1
2026-02-15,2026-02-15 04:33:39,2026-02-15,0,DEL,SXR,DEL-SXR,2026-02-15T12:30:00,2026-02-15T14:10:00,100,IX,Air India Express,Premium,1980,32Y,1,,12,True,6,2,12965,14215,13724.0,1250,12965,Economy,True,Value,15KG,7 Kg,9
2026-02-15,2026-02-15 04:33:39,2026-02-15,0,DEL,SXR,DEL-SXR,2026-02-15T12:45:00,2026-02-15T14:15:00,90,6E,Indigo,Budget,2044,321,2,,12,True,6,2,12968,14543,13752.5,1575,12968,Economy,True,Saver (Regular),15 Kilograms,7 KG,1
